Number,Short description,Description,Priority,State,Category,Subcategory,Assignment group,Configuration item,Resolution notes,Caller,Created,Resolved
INC0010001,GlobalProtect VPN tunnel drops intermittently during video calls,Remote workers reporting packet loss and session teardowns on gateway vpn-gw-emea-01.,2 - High,Resolved,Network,VPN & Remote Access,Network Support Tier 2,vpn-gw-emea-01,Increased IPSec Dead Peer Detection (DPD) timeout from 30s to 120s and tuned MTU size to 1350.,Alex Mercer,2026-08-02 07:17:00,2026-08-02 09:37:00
INC0010002,Deadlock detected on orders inventory table in pg-primary-prod-02,High-concurrency updates during promotional campaign resulting in transaction rollbacks.,2 - High,Resolved,Database,Relational & NoSQL,Database Administrators (DBA),pg-primary-prod-02,Enforced consistent transaction lock ordering in inventory decrement service and created composite index.,David Chen,2026-08-02 05:47:00,2026-08-02 10:41:00
INC0010003,ArgoCD GitOps deployment sync error for microservice namespace on gke-workloads-03,Out-of-sync CRD definition causing continuous Helm reconciliation failures.,3 - Moderate,Resolved,Cloud Platform,Kubernetes & Containers,SRE & Cloud Platform,gke-workloads-03,Updated CustomResourceDefinition schema version in master repository and triggered hard refresh.,Kavita Rao,2026-08-01 09:01:00,2026-08-01 10:03:00
INC0010004,Single Sign-On (SSO) SAML assertion signature verification failure on snow-agent-04,Users in Operations and Finance receiving SAML signature validation errors on login page.,1 - Critical,Resolved,Enterprise Apps,ServiceNow & Integrations,ServiceNow Platform Admins,snow-agent-04,Imported updated Azure AD IdP Federation Metadata XML certificate into Multi-Provider SSO configuration.,Kavita Rao,2026-08-02 03:01:00,2026-08-02 08:03:00
INC0010005,Privileged IAM Access Key inactive for 90 days flagged by AWS Security Hub on bastion-jump-05,Compliance audit policy violation for unrotated programmatic access keys.,4 - Low,Resolved,Security,Certificates & SOC,InfoSec & Security Operations,bastion-jump-05,Deactivated and deleted stale IAM programmatic access key; confirmed service role migration.,Lisa Ray,2026-08-01 15:28:00,2026-08-01 20:44:00
INC0010006,Exchange Online outbound email delivery delayed by 45 minutes on m365-outlook-client-06,Organization-wide delays delivering emails to external business partner domains.,2 - High,Resolved,Enterprise Apps,Email & Office 365,Workplace IT & Collaboration,m365-outlook-client-06,Microsoft tenant advisory EX683921 resolved; outbound routing connectors flushed backlogged queues.,Lisa Ray,2026-08-02 06:27:00,2026-08-02 09:36:00
INC0010007,NFS shared export /mnt/shared mounted read-only on worker servers for aws-backup-vault-07,Batch processing workers failing with [Errno 30] Read-only file system.,2 - High,Resolved,Infrastructure,Storage & Backups,Systems Engineering,aws-backup-vault-07,"Cleared NetApp storage controller failover lock and remounted NFS exports with rw,hard options.",Rachel Green,2026-08-01 18:06:00,2026-08-01 19:08:00
INC0010008,CI/CD build queue congestion - 60 jobs waiting for available runner on sonarqube-server-08,Developer pull request validation builds stalled due to runner exhaustion.,2 - High,Resolved,DevOps & CI/CD,Build & Deployment Pipelines,DevOps & Release Engineering,sonarqube-server-08,Scaled autoscaling GitLab runner instance group from 5 to 25 worker nodes.,Marcus Vance,2026-08-01 19:38:00,2026-08-01 22:08:00
INC0010009,Server rack thermal threshold warning (88°F) in Datacenter Row hpe-proliant-dl380-09,CRAC unit 4 airflow baffle stuck causing localized hot spot.,2 - High,Resolved,Hardware & Datacenter,Servers & Environmental,Datacenter Operations,hpe-proliant-dl380-09,Facilities team repaired motorized damper on CRAC unit; row temperature returned to 68°F.,David Chen,2026-08-01 11:59:00,2026-08-01 15:27:00
INC0010010,Cisco CallManager CDR billing export file transmission failed on genesys-contact-center-10,Telecom accounting report missing daily call detail records.,4 - Low,Resolved,Telephony & Collaboration,VoIP & Video Conferencing,Unified Communications,genesys-contact-center-10,Fixed SFTP destination server firewall rule and re-sent backlogged CDR files.,Sophie Dubois,2026-08-02 04:39:00,2026-08-02 07:59:00
INC0010011,PayPal checkout API returning 500 Internal Error on stripe-webhook-handler-11,International shoppers unable to complete PayPal express checkout.,1 - Critical,Resolved,E-Commerce & Payments,Payment Gateways & Billing,Payment Platform Engineering,stripe-webhook-handler-11,Updated PayPal SDK client authentication headers following upstream API deprecation.,Nina Petrova,2026-08-01 09:42:00,2026-08-01 11:53:00
INC0010012,BitLocker recovery key prompt on reboot after BIOS update for laptop fleet on citrix-vdi-pool-12,Over 40 executive laptops locked at BitLocker PIN screen following security firmware patch.,2 - High,Resolved,End-User Computing,VDI & Desktop Support,Service Desk Tier 2,citrix-vdi-pool-12,Retrieved BitLocker keys via Intune portal script and suspended BitLocker protection for BIOS upgrade.,Rachel Green,2026-08-01 15:55:00,2026-08-01 17:01:00
INC0010013,High packet drop rate on gateway interface for cisco-anyconnect-cluster-13,CRC alignment errors and buffer overruns detected on interface gigabitethernet0/0/1.,2 - High,Resolved,Network,VPN & Remote Access,Network Support Tier 2,cisco-anyconnect-cluster-13,Replaced faulty SFP+ 10G optical transceiver module and cleaned LC fiber patch connector.,Robert Sterling,2026-08-02 04:53:00,2026-08-02 08:14:00
INC0010014,Oracle ERP batch job reconciliation query timeout on oracle-erp-db-14,End-of-month financial settlement batch process hung exceeding 4-hour SLA.,2 - High,Resolved,Database,Relational & NoSQL,Database Administrators (DBA),oracle-erp-db-14,Gathered fresh table statistics on GL_LEDGER and rebuilt fragmented partitioned index.,Mia Wallace,2026-08-01 14:42:00,2026-08-01 17:13:00
INC0010015,Pod CrashLoopBackOff due to OOMKilled (Exit Code 137) on aks-core-15,Auth-service container memory breached 2Gi limit during peak morning traffic spike.,1 - Critical,Resolved,Cloud Platform,Kubernetes & Containers,SRE & Cloud Platform,aks-core-15,Identified memory leak in JWT token cache; patched deployment to v2.4.2 and set memory limit to 4Gi.,Liam O'Connor,2026-08-02 04:10:00,2026-08-02 08:58:00
INC0010016,Single Sign-On (SSO) SAML assertion signature verification failure on snow-jira-hub-16,Users in Operations and Finance receiving SAML signature validation errors on login page.,1 - Critical,Resolved,Enterprise Apps,ServiceNow & Integrations,ServiceNow Platform Admins,snow-jira-hub-16,Imported updated Azure AD IdP Federation Metadata XML certificate into Multi-Provider SSO configuration.,Fatima Al-Mansoor,2026-08-01 22:24:00,2026-08-02 00:57:00
INC0010017,Privileged IAM Access Key inactive for 90 days flagged by AWS Security Hub on cert-checkout-17,Compliance audit policy violation for unrotated programmatic access keys.,4 - Low,Resolved,Security,Certificates & SOC,InfoSec & Security Operations,cert-checkout-17,Deactivated and deleted stale IAM programmatic access key; confirmed service role migration.,Alex Mercer,2026-08-02 05:20:00,2026-08-02 06:03:00
INC0010018,Exchange Online outbound email delivery delayed by 45 minutes on shared-mbx-ap-18,Organization-wide delays delivering emails to external business partner domains.,2 - High,Resolved,Enterprise Apps,Email & Office 365,Workplace IT & Collaboration,shared-mbx-ap-18,Microsoft tenant advisory EX683921 resolved; outbound routing connectors flushed backlogged queues.,Kavita Rao,2026-08-01 20:17:00,2026-08-01 21:05:00
INC0010019,S3 lifecycle transition rule failing to move objects to Glacier on nfs-storage-cluster-19,Old audit logs not archiving leading to unexpected monthly cloud storage bill increase.,4 - Low,Resolved,Infrastructure,Storage & Backups,Systems Engineering,nfs-storage-cluster-19,Corrected invalid prefix filter in S3 lifecycle policy and verified transition schedule.,Rachel Green,2026-08-01 14:41:00,2026-08-01 19:11:00
INC0010020,Terraform remote state lock stuck on DynamoDB table for github-actions-runner-20,Automated infrastructure provisioning pipeline blocked by orphan lock.,3 - Moderate,Resolved,DevOps & CI/CD,Build & Deployment Pipelines,DevOps & Release Engineering,github-actions-runner-20,Force-unlocked Terraform state using terraform force-unlock after verifying no active runs.,Liam O'Connor,2026-08-01 16:08:00,2026-08-01 18:29:00
INC0010021,RAID controller battery backup unit (BBU) degraded on hpe-proliant-dl380-21,PERC controller switched cache mode from write-back to write-through reducing disk I/O.,3 - Moderate,Resolved,Hardware & Datacenter,Servers & Environmental,Datacenter Operations,hpe-proliant-dl380-21,Replaced degraded lithium-ion BBU battery and restored write-back caching.,James Wilson,2026-08-01 16:47:00,2026-08-01 22:01:00
INC0010022,Cisco CallManager CDR billing export file transmission failed on audiocodes-sbc-22,Telecom accounting report missing daily call detail records.,4 - Low,Resolved,Telephony & Collaboration,VoIP & Video Conferencing,Unified Communications,audiocodes-sbc-22,Fixed SFTP destination server firewall rule and re-sent backlogged CDR files.,Chloe Bennett,2026-08-02 19:14:00,2026-08-02 20:39:00
INC0010023,"Fraud detection engine latency exceeding 1,200ms per transaction on stripe-webhook-handler-23",Machine learning scoring model queue backed up causing checkout timeout errors.,2 - High,Resolved,E-Commerce & Payments,Payment Gateways & Billing,Payment Platform Engineering,stripe-webhook-handler-23,Scaled SageMaker inference endpoint instances from 2 to 6 and enabled asynchronous scoring.,Priya Sharma,2026-08-02 09:55:00,2026-08-02 11:06:00
INC0010024,VMware Horizon VDI desktop pool exhausted for offshore contractor team on bitlocker-tpm-24,Contractors receiving 'No desktop sources available' error upon login.,2 - High,Resolved,End-User Computing,VDI & Desktop Support,Service Desk Tier 2,bitlocker-tpm-24,Expanded Horizon instant-clone pool capacity from 150 to 250 virtual desktops.,Rachel Green,2026-08-03 03:04:00,2026-08-03 06:36:00
INC0010025,BGP route flapping on secondary IPsec link to AWS us-east-1,Route instability causing latency spikes between on-prem core router and cisco-anyconnect-cluster-25.,2 - High,Resolved,Network,VPN & Remote Access,Network Support Tier 2,cisco-anyconnect-cluster-25,Adjusted BGP hold-time timer to 90s and engaged ISP to clear transit fiber congestion.,Elena Rostova,2026-08-03 00:16:00,2026-08-03 05:14:00
INC0010026,PostgreSQL connection pool exhausted on redis-cluster-26,Microservices throwing FATAL: remaining connection slots are reserved for superuser connections.,1 - Critical,Resolved,Database,Relational & NoSQL,Database Administrators (DBA),redis-cluster-26,Terminated leaked idle-in-transaction client sessions and adjusted PgBouncer pool max_client_conn to 2500.,Sandra Martinez,2026-08-02 16:49:00,2026-08-02 22:32:00
INC0010027,Pod CrashLoopBackOff due to OOMKilled (Exit Code 137) on eks-cluster-27,Auth-service container memory breached 2Gi limit during peak morning traffic spike.,1 - Critical,Resolved,Cloud Platform,Kubernetes & Containers,SRE & Cloud Platform,eks-cluster-27,Identified memory leak in JWT token cache; patched deployment to v2.4.2 and set memory limit to 4Gi.,Elena Rostova,2026-08-02 21:10:00,2026-08-03 01:17:00
INC0010028,Jira bi-directional Integration Hub webhook failing with 401 Unauthorized on snow-agent-28,Incidents created in ServiceNow failing to synchronize with engineering Jira backlog.,3 - Moderate,Resolved,Enterprise Apps,ServiceNow & Integrations,ServiceNow Platform Admins,snow-agent-28,Regenerated expired Jira REST API service token and updated connection alias credentials.,Fatima Al-Mansoor,2026-08-02 13:32:00,2026-08-02 14:41:00
INC0010029,Critical vulnerability CVE-2026-4428 detected in OpenSSL base image on crowdstrike-agent-29,Prisma Cloud vulnerability scanner flagged high-severity CVSS 9.8 remote execution risk.,2 - High,Resolved,Security,Certificates & SOC,InfoSec & Security Operations,crowdstrike-agent-29,Updated Docker base image to alpine:3.20.2 containing patched OpenSSL 3.3.1-r1 and redeployed.,Daniel Craig,2026-08-03 03:12:00,2026-08-03 04:45:00
INC0010030,Outlook desktop client repeatedly prompting for user credentials on sharepoint-online-30,Finance users unable to sync inbox due to recurring Modern Auth dialog loop.,3 - Moderate,Resolved,Enterprise Apps,Email & Office 365,Workplace IT & Collaboration,sharepoint-online-30,Cleared corrupted Windows Credential Manager cached tokens and refreshed Azure AD device PRT.,Lucas Silva,2026-08-03 00:58:00,2026-08-03 01:13:00
INC0010031,Storage volume /data disk utilization reached 96% on veeam-backup-srv-01,Application logs and temp files filling up root partition threatening server crash.,2 - High,Resolved,Infrastructure,Storage & Backups,Systems Engineering,veeam-backup-srv-01,Expanded EBS volume size from 250GB to 600GB online using growpart and xfs_growfs.,Thomas Brown,2026-08-02 08:07:00,2026-08-02 11:27:00
INC0010032,JFrog Artifactory Docker registry returning 500 Internal Server Error on gitlab-runner-pool-02,Kubernetes deployments unable to pull container images during release window.,1 - Critical,Resolved,DevOps & CI/CD,Build & Deployment Pipelines,DevOps & Release Engineering,gitlab-runner-pool-02,Resolved disk space pressure on /var/opt/jfrog/artifactory/data and restarted PostgreSQL backend.,David Chen,2026-08-02 15:56:00,2026-08-02 21:01:00
INC0010033,Dell PowerEdge dual PSU fault - Redundancy lost on pdu-b-feed-03,iDRAC hardware monitor reported Power Supply 2 lost AC input power in Datacenter Row C.,2 - High,Resolved,Hardware & Datacenter,Servers & Environmental,Datacenter Operations,pdu-b-feed-03,Replaced faulty 1400W hot-swap power supply module and restored dual power feed.,Nina Petrova,2026-08-02 10:48:00,2026-08-02 15:35:00
INC0010034,Genesys Contact Center customer support queue dropping incoming calls on cisco-cucm-cluster-04,Customers hearing busy signal when calling toll-free support line.,1 - Critical,Resolved,Telephony & Collaboration,VoIP & Video Conferencing,Unified Communications,cisco-cucm-cluster-04,Identified SIP trunk channel saturation; carrier increased concurrent call paths from 100 to 300.,Robert Sterling,2026-08-03 05:30:00,2026-08-03 10:26:00
INC0010035,Nightly payment settlement reconciliation file transmission delayed on taxjar-calc-service-05,Banking partner automated SFTP transfer failed with host key verification error.,2 - High,Resolved,E-Commerce & Payments,Payment Gateways & Billing,Payment Platform Engineering,taxjar-calc-service-05,Updated banking SFTP server public host key in known_hosts file and re-triggered batch job.,Ahmed Hassan,2026-08-03 03:27:00,2026-08-03 05:30:00
INC0010036,VMware Horizon VDI desktop pool exhausted for offshore contractor team on jamf-mac-mgmt-06,Contractors receiving 'No desktop sources available' error upon login.,2 - High,Resolved,End-User Computing,VDI & Desktop Support,Service Desk Tier 2,jamf-mac-mgmt-06,Expanded Horizon instant-clone pool capacity from 150 to 250 virtual desktops.,Daniel Craig,2026-08-02 20:42:00,2026-08-03 02:29:00
INC0010037,VPN split-tunneling policy failing to route internal corporate subnet,Engineers on MacOS client cannot reach internal RFC1918 subnets while connected to paloalto-fw-07.,3 - Moderate,Resolved,Network,VPN & Remote Access,Network Support Tier 2,paloalto-fw-07,Pushed updated split-tunnel routing table rule to GlobalProtect portal configuration.,Alex Mercer,2026-08-02 22:07:00,2026-08-03 00:28:00
INC0010038,PostgreSQL connection pool exhausted on oracle-erp-db-08,Microservices throwing FATAL: remaining connection slots are reserved for superuser connections.,1 - Critical,Resolved,Database,Relational & NoSQL,Database Administrators (DBA),oracle-erp-db-08,Terminated leaked idle-in-transaction client sessions and adjusted PgBouncer pool max_client_conn to 2500.,Alex Mercer,2026-08-02 08:37:00,2026-08-02 13:35:00
INC0010039,ArgoCD GitOps deployment sync error for microservice namespace on k8s-prod-eu-09,Out-of-sync CRD definition causing continuous Helm reconciliation failures.,3 - Moderate,Resolved,Cloud Platform,Kubernetes & Containers,SRE & Cloud Platform,k8s-prod-eu-09,Updated CustomResourceDefinition schema version in master repository and triggered hard refresh.,Marcus Vance,2026-08-02 08:04:00,2026-08-02 13:42:00
INC0010040,Single Sign-On (SSO) SAML assertion signature verification failure on snow-mid-prod-10,Users in Operations and Finance receiving SAML signature validation errors on login page.,1 - Critical,Resolved,Enterprise Apps,ServiceNow & Integrations,ServiceNow Platform Admins,snow-mid-prod-10,Imported updated Azure AD IdP Federation Metadata XML certificate into Multi-Provider SSO configuration.,David Chen,2026-08-02 09:55:00,2026-08-02 12:59:00
INC0010041,Privileged IAM Access Key inactive for 90 days flagged by AWS Security Hub on cert-checkout-11,Compliance audit policy violation for unrotated programmatic access keys.,4 - Low,Resolved,Security,Certificates & SOC,InfoSec & Security Operations,cert-checkout-11,Deactivated and deleted stale IAM programmatic access key; confirmed service role migration.,Kavita Rao,2026-08-02 16:42:00,2026-08-02 21:05:00
INC0010042,Microsoft Teams Direct Routing audio stutter and call drops on m365-outlook-client-12,Voice calls terminating prematurely across regional branch offices.,2 - High,Resolved,Enterprise Apps,Email & Office 365,Workplace IT & Collaboration,m365-outlook-client-12,Upgraded Session Border Controller (SBC) firmware and adjusted jitter buffer settings.,Sophie Dubois,2026-08-03 07:59:00,2026-08-03 13:06:00
INC0010043,Veeam VMware hypervisor backup job failed with CBT error on aws-backup-vault-13,Changed Block Tracking (CBT) corrupted on critical production virtual machine disk.,3 - Moderate,Resolved,Infrastructure,Storage & Backups,Systems Engineering,aws-backup-vault-13,Reset VMware CBT on VM configuration and executed active full backup successfully.,Kavita Rao,2026-08-03 23:51:00,2026-08-04 03:34:00
INC0010044,CI/CD build queue congestion - 60 jobs waiting for available runner on gitlab-runner-pool-14,Developer pull request validation builds stalled due to runner exhaustion.,2 - High,Resolved,DevOps & CI/CD,Build & Deployment Pipelines,DevOps & Release Engineering,gitlab-runner-pool-14,Scaled autoscaling GitLab runner instance group from 5 to 25 worker nodes.,James Wilson,2026-08-04 05:27:00,2026-08-04 08:43:00
INC0010045,Server rack thermal threshold warning (88°F) in Datacenter Row pdu-b-feed-15,CRAC unit 4 airflow baffle stuck causing localized hot spot.,2 - High,Resolved,Hardware & Datacenter,Servers & Environmental,Datacenter Operations,pdu-b-feed-15,Facilities team repaired motorized damper on CRAC unit; row temperature returned to 68°F.,Fatima Al-Mansoor,2026-08-04 07:03:00,2026-08-04 13:02:00
INC0010046,Boardroom Zoom Room SIP controller failed to register on zoom-room-boardroom-16,Executive board meeting unable to dial external conference bridge.,2 - High,Resolved,Telephony & Collaboration,VoIP & Video Conferencing,Unified Communications,zoom-room-boardroom-16,Updated SIP digest authentication password in Zoom Room admin portal and reconnected device.,Sarah Jenkins,2026-08-03 20:46:00,2026-08-03 23:54:00
INC0010047,PayPal checkout API returning 500 Internal Error on paypal-gateway-api-17,International shoppers unable to complete PayPal express checkout.,1 - Critical,Resolved,E-Commerce & Payments,Payment Gateways & Billing,Payment Platform Engineering,paypal-gateway-api-17,Updated PayPal SDK client authentication headers following upstream API deprecation.,Priya Sharma,2026-08-03 14:34:00,2026-08-03 18:38:00
INC0010048,Jamf Pro MDM certificate expiration warning for macOS devices on horizon-desktop-vm-18,Apple push notification service (APNs) certificate expiring in 7 days.,3 - Moderate,Resolved,End-User Computing,VDI & Desktop Support,Service Desk Tier 2,horizon-desktop-vm-18,Renewed Apple Push Notification certificate with corporate Apple ID and uploaded to Jamf console.,David Chen,2026-08-03 16:29:00,2026-08-03 18:51:00
INC0010049,VPN split-tunneling policy failing to route internal corporate subnet,Engineers on MacOS client cannot reach internal RFC1918 subnets while connected to paloalto-fw-19.,3 - Moderate,Resolved,Network,VPN & Remote Access,Network Support Tier 2,paloalto-fw-19,Pushed updated split-tunnel routing table rule to GlobalProtect portal configuration.,Ahmed Hassan,2026-08-03 11:03:00,2026-08-03 16:51:00
INC0010050,PostgreSQL connection pool exhausted on pg-primary-prod-20,Microservices throwing FATAL: remaining connection slots are reserved for superuser connections.,1 - Critical,Resolved,Database,Relational & NoSQL,Database Administrators (DBA),pg-primary-prod-20,Terminated leaked idle-in-transaction client sessions and adjusted PgBouncer pool max_client_conn to 2500.,Vikram Patel,2026-08-03 15:10:00,2026-08-03 18:53:00
INC0010051,CoreDNS pods CPU throttling causing internal DNS resolution latency on k8s-prod-eu-21,Cluster-wide microservice inter-communication degraded due to DNS timeouts.,1 - Critical,Resolved,Cloud Platform,Kubernetes & Containers,SRE & Cloud Platform,k8s-prod-eu-21,Deployed NodeLocal DNSCache DaemonSet and increased CoreDNS replica count from 2 to 6.,Robert Sterling,2026-08-03 20:57:00,2026-08-03 21:42:00
INC0010052,ServiceNow Flow Designer execution timeout on Employee Offboarding workflow on snow-mid-prod-22,Automated offboarding run queue stuck waiting on REST step response.,2 - High,Resolved,Enterprise Apps,ServiceNow & Integrations,ServiceNow Platform Admins,snow-mid-prod-22,Added 30s timeout and retry policy on external Okta de-provisioning REST step.,Thomas Brown,2026-08-03 20:16:00,2026-08-04 00:23:00
INC0010053,WAF Rate Limit rule triggered by rogue botnet targeting auth endpoint on crowdstrike-agent-23,"Over 12,000 login requests/min detected from distributed residential proxies.",2 - High,Resolved,Security,Certificates & SOC,InfoSec & Security Operations,crowdstrike-agent-23,Configured Cloudflare WAF Managed Challenge rule and throttled suspect IP ASNs.,Priya Sharma,2026-08-04 05:45:00,2026-08-04 10:09:00
INC0010054,Outlook desktop client repeatedly prompting for user credentials on shared-mbx-ap-24,Finance users unable to sync inbox due to recurring Modern Auth dialog loop.,3 - Moderate,Resolved,Enterprise Apps,Email & Office 365,Workplace IT & Collaboration,shared-mbx-ap-24,Cleared corrupted Windows Credential Manager cached tokens and refreshed Azure AD device PRT.,Liam O'Connor,2026-08-03 14:03:00,2026-08-03 19:14:00
INC0010055,S3 lifecycle transition rule failing to move objects to Glacier on netapp-san-lun-25,Old audit logs not archiving leading to unexpected monthly cloud storage bill increase.,4 - Low,Resolved,Infrastructure,Storage & Backups,Systems Engineering,netapp-san-lun-25,Corrected invalid prefix filter in S3 lifecycle policy and verified transition schedule.,Marcus Vance,2026-08-04 07:20:00,2026-08-04 08:04:00
INC0010056,GitHub Actions self-hosted runner offline after OS automatic patching on jfrog-artifactory-26,Scheduled nightly performance testing pipeline failed to launch.,3 - Moderate,Resolved,DevOps & CI/CD,Build & Deployment Pipelines,DevOps & Release Engineering,jfrog-artifactory-26,Restarted actions.runner service and configured systemd automatic start on boot.,Robert Sterling,2026-08-04 00:58:00,2026-08-04 05:44:00
INC0010057,Dell PowerEdge dual PSU fault - Redundancy lost on hpe-proliant-dl380-27,iDRAC hardware monitor reported Power Supply 2 lost AC input power in Datacenter Row C.,2 - High,Resolved,Hardware & Datacenter,Servers & Environmental,Datacenter Operations,hpe-proliant-dl380-27,Replaced faulty 1400W hot-swap power supply module and restored dual power feed.,David Chen,2026-08-03 10:54:00,2026-08-03 12:44:00
INC0010058,Cisco CallManager CDR billing export file transmission failed on zoom-room-boardroom-28,Telecom accounting report missing daily call detail records.,4 - Low,Resolved,Telephony & Collaboration,VoIP & Video Conferencing,Unified Communications,zoom-room-boardroom-28,Fixed SFTP destination server firewall rule and re-sent backlogged CDR files.,Rachel Green,2026-08-04 05:55:00,2026-08-04 08:10:00
INC0010059,Stripe webhook delivery failure for subscription invoices on taxjar-calc-service-29,Customer accounts remaining in past_due state despite successful credit card charge.,1 - Critical,Resolved,E-Commerce & Payments,Payment Gateways & Billing,Payment Platform Engineering,taxjar-calc-service-29,Resolved idempotency key conflict in webhook handler and re-played failed events via Stripe CLI.,Marcus Vance,2026-08-03 15:37:00,2026-08-03 20:56:00
INC0010060,CrowdStrike Falcon sensor high CPU usage (100%) on developer MacBooks on citrix-vdi-pool-30,Developers experiencing severe compile slowdowns during Xcode and Gradle builds.,3 - Moderate,Resolved,End-User Computing,VDI & Desktop Support,Service Desk Tier 2,citrix-vdi-pool-30,Configured sensor exclusion policy for local build target and node_modules directories.,Sophie Dubois,2026-08-03 21:42:00,2026-08-04 02:55:00
INC0010061,BGP route flapping on secondary IPsec link to AWS us-east-1,Route instability causing latency spikes between on-prem core router and vpn-gw-us-01.,2 - High,Resolved,Network,VPN & Remote Access,Network Support Tier 2,vpn-gw-us-01,Adjusted BGP hold-time timer to 90s and engaged ISP to clear transit fiber congestion.,Mia Wallace,2026-08-03 16:13:00,2026-08-03 22:10:00
INC0010062,Oracle ERP batch job reconciliation query timeout on aurora-mysql-02,End-of-month financial settlement batch process hung exceeding 4-hour SLA.,2 - High,Resolved,Database,Relational & NoSQL,Database Administrators (DBA),aurora-mysql-02,Gathered fresh table statistics on GL_LEDGER and rebuilt fragmented partitioned index.,Oliver Queen,2026-08-03 16:25:00,2026-08-03 17:47:00
INC0010063,Ingress-nginx controller 504 Gateway Timeout on gke-workloads-03,Stripe webhook requests timing out at ingress proxy; upstream billing pods saturated.,2 - High,Resolved,Cloud Platform,Kubernetes & Containers,SRE & Cloud Platform,gke-workloads-03,Scaled billing-worker horizontal pod autoscaler from 3 to 12 replicas and increased proxy-read-timeout to 60s.,Elena Rostova,2026-08-03 18:59:00,2026-08-03 19:51:00
INC0010064,ServiceNow Flow Designer execution timeout on Employee Offboarding workflow on snow-agent-04,Automated offboarding run queue stuck waiting on REST step response.,2 - High,Resolved,Enterprise Apps,ServiceNow & Integrations,ServiceNow Platform Admins,snow-agent-04,Added 30s timeout and retry policy on external Okta de-provisioning REST step.,Ahmed Hassan,2026-08-05 02:06:00,2026-08-05 02:58:00
INC0010065,Multiple failed SSH root brute-force attempts detected on crowdstrike-agent-05,"CrowdStrike Falcon alerted on 3,500 failed login attempts within 10 minutes from foreign IP range.",2 - High,Resolved,Security,Certificates & SOC,InfoSec & Security Operations,crowdstrike-agent-05,"Blocked source CIDR block in AWS Security Group, enforced bastion MFA, and rotated host SSH keys.",David Chen,2026-08-04 16:08:00,2026-08-04 19:21:00
INC0010066,Outlook desktop client repeatedly prompting for user credentials on shared-mbx-ap-06,Finance users unable to sync inbox due to recurring Modern Auth dialog loop.,3 - Moderate,Resolved,Enterprise Apps,Email & Office 365,Workplace IT & Collaboration,shared-mbx-ap-06,Cleared corrupted Windows Credential Manager cached tokens and refreshed Azure AD device PRT.,Ahmed Hassan,2026-08-04 17:10:00,2026-08-04 21:09:00
INC0010067,Storage volume /data disk utilization reached 96% on s3-bucket-archive-07,Application logs and temp files filling up root partition threatening server crash.,2 - High,Resolved,Infrastructure,Storage & Backups,Systems Engineering,s3-bucket-archive-07,Expanded EBS volume size from 250GB to 600GB online using growpart and xfs_growfs.,Oliver Queen,2026-08-05 04:33:00,2026-08-05 04:52:00
INC0010068,GitHub Actions self-hosted runner offline after OS automatic patching on sonarqube-server-08,Scheduled nightly performance testing pipeline failed to launch.,3 - Moderate,Resolved,DevOps & CI/CD,Build & Deployment Pipelines,DevOps & Release Engineering,sonarqube-server-08,Restarted actions.runner service and configured systemd automatic start on boot.,Lisa Ray,2026-08-05 05:06:00,2026-08-05 06:29:00
INC0010069,Dell PowerEdge dual PSU fault - Redundancy lost on dell-poweredge-r750-09,iDRAC hardware monitor reported Power Supply 2 lost AC input power in Datacenter Row C.,2 - High,Resolved,Hardware & Datacenter,Servers & Environmental,Datacenter Operations,dell-poweredge-r750-09,Replaced faulty 1400W hot-swap power supply module and restored dual power feed.,Lisa Ray,2026-08-05 07:35:00,2026-08-05 09:09:00
INC0010070,AudioCodes SBC rejecting incoming calls with SIP 403 Forbidden on poly-studio-x50-10,Branch office outbound dialing failing across EMEA sites.,2 - High,Resolved,Telephony & Collaboration,VoIP & Video Conferencing,Unified Communications,poly-studio-x50-10,Renewed expired TLS certificate on SIP trunk signaling interface.,Kavita Rao,2026-08-04 14:45:00,2026-08-04 17:55:00
INC0010071,Nightly payment settlement reconciliation file transmission delayed on taxjar-calc-service-11,Banking partner automated SFTP transfer failed with host key verification error.,2 - High,Resolved,E-Commerce & Payments,Payment Gateways & Billing,Payment Platform Engineering,taxjar-calc-service-11,Updated banking SFTP server public host key in known_hosts file and re-triggered batch job.,David Chen,2026-08-04 23:16:00,2026-08-04 23:57:00
INC0010072,Jamf Pro MDM certificate expiration warning for macOS devices on jamf-mac-mgmt-12,Apple push notification service (APNs) certificate expiring in 7 days.,3 - Moderate,Resolved,End-User Computing,VDI & Desktop Support,Service Desk Tier 2,jamf-mac-mgmt-12,Renewed Apple Push Notification certificate with corporate Apple ID and uploaded to Jamf console.,Nina Petrova,2026-08-04 09:00:00,2026-08-04 12:05:00
INC0010073,Unable to authenticate to Cisco AnyConnect VPN via Okta MFA,Users receiving timeout error waiting for Okta Push notification on vpn-gw-us-13.,1 - Critical,Resolved,Network,VPN & Remote Access,Network Support Tier 2,vpn-gw-us-13,Restarted stuck Okta RADIUS agent daemon on proxy host and flushed session cache.,Ahmed Hassan,2026-08-04 13:47:00,2026-08-04 17:48:00
INC0010074,MongoDB secondary replica node lag exceeding 45 minutes on redis-cluster-14,Large batch cleanup on audit_events collection overwhelmed secondary oplog apply thread.,3 - Moderate,Resolved,Database,Relational & NoSQL,Database Administrators (DBA),redis-cluster-14,Throttled batch deletion worker with sleep interval; replica caught up with oplog within 25 mins.,Mia Wallace,2026-08-04 08:07:00,2026-08-04 09:00:00
INC0010075,Kubernetes worker nodes DiskPressure condition causing pod evictions on aks-core-15,Ephemeral root volume /var/lib/docker reached 92% capacity on multiple worker instances.,2 - High,Resolved,Cloud Platform,Kubernetes & Containers,SRE & Cloud Platform,aks-core-15,Tuned kubelet image garbage collection threshold to 80% and pruned dangling build artifacts.,Sophie Dubois,2026-08-04 09:53:00,2026-08-04 13:17:00
INC0010076,ServiceNow Email Inbound Action failing to parse vendor alert notifications on snow-jira-hub-16,Automated alert emails from SolarWinds not creating Incident records.,3 - Moderate,Resolved,Enterprise Apps,ServiceNow & Integrations,ServiceNow Platform Admins,snow-jira-hub-16,Fixed regex pattern in inbound email action script to match new vendor subject format.,Thomas Brown,2026-08-04 21:08:00,2026-08-04 21:44:00
INC0010077,Critical vulnerability CVE-2026-4428 detected in OpenSSL base image on cert-api-prod-17,Prisma Cloud vulnerability scanner flagged high-severity CVSS 9.8 remote execution risk.,2 - High,Resolved,Security,Certificates & SOC,InfoSec & Security Operations,cert-api-prod-17,Updated Docker base image to alpine:3.20.2 containing patched OpenSSL 3.3.1-r1 and redeployed.,Oliver Queen,2026-08-04 19:13:00,2026-08-04 21:35:00
INC0010078,Exchange Online outbound email delivery delayed by 45 minutes on shared-mbx-ap-18,Organization-wide delays delivering emails to external business partner domains.,2 - High,Resolved,Enterprise Apps,Email & Office 365,Workplace IT & Collaboration,shared-mbx-ap-18,Microsoft tenant advisory EX683921 resolved; outbound routing connectors flushed backlogged queues.,Lucas Silva,2026-08-05 01:56:00,2026-08-05 05:39:00
INC0010079,NFS shared export /mnt/shared mounted read-only on worker servers for aws-backup-vault-19,Batch processing workers failing with [Errno 30] Read-only file system.,2 - High,Resolved,Infrastructure,Storage & Backups,Systems Engineering,aws-backup-vault-19,"Cleared NetApp storage controller failover lock and remounted NFS exports with rw,hard options.",James Wilson,2026-08-04 13:51:00,2026-08-04 15:36:00
INC0010080,CI/CD build queue congestion - 60 jobs waiting for available runner on github-actions-runner-20,Developer pull request validation builds stalled due to runner exhaustion.,2 - High,Resolved,DevOps & CI/CD,Build & Deployment Pipelines,DevOps & Release Engineering,github-actions-runner-20,Scaled autoscaling GitLab runner instance group from 5 to 25 worker nodes.,James Wilson,2026-08-05 07:59:00,2026-08-05 11:04:00
INC0010081,Cisco Nexus core switch fan module failure on apc-ups-rack-21,Chassis temperature alarm triggered; fan tray 3 operating at 0 RPM.,2 - High,Resolved,Hardware & Datacenter,Servers & Environmental,Datacenter Operations,apc-ups-rack-21,Dispatched on-site technician to hot-swap replacement fan module; chassis temp normalized.,Rachel Green,2026-08-04 13:50:00,2026-08-04 15:00:00
INC0010082,Boardroom Zoom Room SIP controller failed to register on audiocodes-sbc-22,Executive board meeting unable to dial external conference bridge.,2 - High,Resolved,Telephony & Collaboration,VoIP & Video Conferencing,Unified Communications,audiocodes-sbc-22,Updated SIP digest authentication password in Zoom Room admin portal and reconnected device.,Daniel Craig,2026-08-04 15:12:00,2026-08-04 19:22:00
INC0010083,Nightly payment settlement reconciliation file transmission delayed on paypal-gateway-api-23,Banking partner automated SFTP transfer failed with host key verification error.,2 - High,Resolved,E-Commerce & Payments,Payment Gateways & Billing,Payment Platform Engineering,paypal-gateway-api-23,Updated banking SFTP server public host key in known_hosts file and re-triggered batch job.,Kavita Rao,2026-08-04 15:01:00,2026-08-04 20:53:00
INC0010084,Jamf Pro MDM certificate expiration warning for macOS devices on jamf-mac-mgmt-24,Apple push notification service (APNs) certificate expiring in 7 days.,3 - Moderate,Resolved,End-User Computing,VDI & Desktop Support,Service Desk Tier 2,jamf-mac-mgmt-24,Renewed Apple Push Notification certificate with corporate Apple ID and uploaded to Jamf console.,Nina Petrova,2026-08-05 16:55:00,2026-08-05 17:45:00
INC0010085,High packet drop rate on gateway interface for vpn-gw-us-25,CRC alignment errors and buffer overruns detected on interface gigabitethernet0/0/1.,2 - High,Resolved,Network,VPN & Remote Access,Network Support Tier 2,vpn-gw-us-25,Replaced faulty SFP+ 10G optical transceiver module and cleaned LC fiber patch connector.,Oliver Queen,2026-08-06 04:32:00,2026-08-06 08:11:00
INC0010086,Redis cluster memory fragmentation ratio reached 2.8 on oracle-erp-db-26,Cache eviction latency spikes affecting web tier session store.,3 - Moderate,Resolved,Database,Relational & NoSQL,Database Administrators (DBA),oracle-erp-db-26,Enabled active defragmentation (activedefrag yes) and scaled Redis node memory limits.,Robert Sterling,2026-08-05 08:07:00,2026-08-05 10:35:00
INC0010087,ArgoCD GitOps deployment sync error for microservice namespace on eks-cluster-27,Out-of-sync CRD definition causing continuous Helm reconciliation failures.,3 - Moderate,Resolved,Cloud Platform,Kubernetes & Containers,SRE & Cloud Platform,eks-cluster-27,Updated CustomResourceDefinition schema version in master repository and triggered hard refresh.,James Wilson,2026-08-05 09:06:00,2026-08-05 14:26:00
INC0010088,Jira bi-directional Integration Hub webhook failing with 401 Unauthorized on snow-spoke-sso-28,Incidents created in ServiceNow failing to synchronize with engineering Jira backlog.,3 - Moderate,Resolved,Enterprise Apps,ServiceNow & Integrations,ServiceNow Platform Admins,snow-spoke-sso-28,Regenerated expired Jira REST API service token and updated connection alias credentials.,Sarah Jenkins,2026-08-05 21:38:00,2026-08-06 02:14:00
INC0010089,WAF Rate Limit rule triggered by rogue botnet targeting auth endpoint on crowdstrike-agent-29,"Over 12,000 login requests/min detected from distributed residential proxies.",2 - High,Resolved,Security,Certificates & SOC,InfoSec & Security Operations,crowdstrike-agent-29,Configured Cloudflare WAF Managed Challenge rule and throttled suspect IP ASNs.,Mia Wallace,2026-08-05 14:16:00,2026-08-05 14:53:00
INC0010090,SharePoint Online sync client error 0x8004de40 for engineering document library on o365-exchange-tenant-30,Design engineers unable to sync CAD drawings from cloud SharePoint site.,3 - Moderate,Resolved,Enterprise Apps,Email & Office 365,Workplace IT & Collaboration,o365-exchange-tenant-30,Reset OneDrive/SharePoint sync client registry keys and re-authenticated user profile.,Oliver Queen,2026-08-06 00:59:00,2026-08-06 05:49:00
INC0010091,NFS shared export /mnt/shared mounted read-only on worker servers for nfs-storage-cluster-01,Batch processing workers failing with [Errno 30] Read-only file system.,2 - High,Resolved,Infrastructure,Storage & Backups,Systems Engineering,nfs-storage-cluster-01,"Cleared NetApp storage controller failover lock and remounted NFS exports with rw,hard options.",Sandra Martinez,2026-08-05 21:04:00,2026-08-06 02:59:00
INC0010092,GitHub Actions self-hosted runner offline after OS automatic patching on sonarqube-server-02,Scheduled nightly performance testing pipeline failed to launch.,3 - Moderate,Resolved,DevOps & CI/CD,Build & Deployment Pipelines,DevOps & Release Engineering,sonarqube-server-02,Restarted actions.runner service and configured systemd automatic start on boot.,Liam O'Connor,2026-08-06 05:54:00,2026-08-06 07:12:00
INC0010093,APC Smart-UPS battery replacement warning in Rack hpe-proliant-dl380-03,UPS self-test failed; battery age exceeded 36-month operational threshold.,3 - Moderate,Resolved,Hardware & Datacenter,Servers & Environmental,Datacenter Operations,hpe-proliant-dl380-03,Scheduled maintenance window and replaced modular battery cartridge pack.,Sandra Martinez,2026-08-05 17:42:00,2026-08-05 21:26:00
INC0010094,Poly Studio conference bar microphone array audio clipping on genesys-contact-center-04,Participants on remote end reporting muffled speech during team standups.,3 - Moderate,Resolved,Telephony & Collaboration,VoIP & Video Conferencing,Unified Communications,genesys-contact-center-04,Upgraded Polycom device firmware to v4.1.2 and calibrated beamforming acoustic fence.,James Wilson,2026-08-06 01:08:00,2026-08-06 03:01:00
INC0010095,"Fraud detection engine latency exceeding 1,200ms per transaction on paypal-gateway-api-05",Machine learning scoring model queue backed up causing checkout timeout errors.,2 - High,Resolved,E-Commerce & Payments,Payment Gateways & Billing,Payment Platform Engineering,paypal-gateway-api-05,Scaled SageMaker inference endpoint instances from 2 to 6 and enabled asynchronous scoring.,Rachel Green,2026-08-06 03:36:00,2026-08-06 06:25:00
INC0010096,CrowdStrike Falcon sensor high CPU usage (100%) on developer MacBooks on citrix-vdi-pool-06,Developers experiencing severe compile slowdowns during Xcode and Gradle builds.,3 - Moderate,Resolved,End-User Computing,VDI & Desktop Support,Service Desk Tier 2,citrix-vdi-pool-06,Configured sensor exclusion policy for local build target and node_modules directories.,James Wilson,2026-08-05 17:18:00,2026-08-05 19:20:00
INC0010097,BGP route flapping on secondary IPsec link to AWS us-east-1,Route instability causing latency spikes between on-prem core router and paloalto-fw-07.,2 - High,Resolved,Network,VPN & Remote Access,Network Support Tier 2,paloalto-fw-07,Adjusted BGP hold-time timer to 90s and engaged ISP to clear transit fiber congestion.,Emily Watson,2026-08-06 04:20:00,2026-08-06 08:33:00
INC0010098,MongoDB secondary replica node lag exceeding 45 minutes on aurora-mysql-08,Large batch cleanup on audit_events collection overwhelmed secondary oplog apply thread.,3 - Moderate,Resolved,Database,Relational & NoSQL,Database Administrators (DBA),aurora-mysql-08,Throttled batch deletion worker with sleep interval; replica caught up with oplog within 25 mins.,Oliver Queen,2026-08-06 00:30:00,2026-08-06 02:11:00
INC0010099,Pod CrashLoopBackOff due to OOMKilled (Exit Code 137) on eks-cluster-09,Auth-service container memory breached 2Gi limit during peak morning traffic spike.,1 - Critical,Resolved,Cloud Platform,Kubernetes & Containers,SRE & Cloud Platform,eks-cluster-09,Identified memory leak in JWT token cache; patched deployment to v2.4.2 and set memory limit to 4Gi.,Lucas Silva,2026-08-06 00:42:00,2026-08-06 06:21:00
INC0010100,Jira bi-directional Integration Hub webhook failing with 401 Unauthorized on snow-mid-prod-10,Incidents created in ServiceNow failing to synchronize with engineering Jira backlog.,3 - Moderate,Resolved,Enterprise Apps,ServiceNow & Integrations,ServiceNow Platform Admins,snow-mid-prod-10,Regenerated expired Jira REST API service token and updated connection alias credentials.,Alex Mercer,2026-08-05 15:43:00,2026-08-05 18:36:00
INC0010101,Multiple failed SSH root brute-force attempts detected on cert-checkout-11,"CrowdStrike Falcon alerted on 3,500 failed login attempts within 10 minutes from foreign IP range.",2 - High,Resolved,Security,Certificates & SOC,InfoSec & Security Operations,cert-checkout-11,"Blocked source CIDR block in AWS Security Group, enforced bastion MFA, and rotated host SSH keys.",Vikram Patel,2026-08-05 08:02:00,2026-08-05 10:22:00
INC0010102,Microsoft Teams Direct Routing audio stutter and call drops on o365-exchange-tenant-12,Voice calls terminating prematurely across regional branch offices.,2 - High,Resolved,Enterprise Apps,Email & Office 365,Workplace IT & Collaboration,o365-exchange-tenant-12,Upgraded Session Border Controller (SBC) firmware and adjusted jitter buffer settings.,Sophie Dubois,2026-08-05 22:26:00,2026-08-06 04:03:00
INC0010103,NFS shared export /mnt/shared mounted read-only on worker servers for veeam-backup-srv-13,Batch processing workers failing with [Errno 30] Read-only file system.,2 - High,Resolved,Infrastructure,Storage & Backups,Systems Engineering,veeam-backup-srv-13,"Cleared NetApp storage controller failover lock and remounted NFS exports with rw,hard options.",Priya Sharma,2026-08-05 23:25:00,2026-08-06 01:44:00
INC0010104,CI/CD build queue congestion - 60 jobs waiting for available runner on gitlab-runner-pool-14,Developer pull request validation builds stalled due to runner exhaustion.,2 - High,Resolved,DevOps & CI/CD,Build & Deployment Pipelines,DevOps & Release Engineering,gitlab-runner-pool-14,Scaled autoscaling GitLab runner instance group from 5 to 25 worker nodes.,Mia Wallace,2026-08-05 21:14:00,2026-08-05 22:59:00
INC0010105,RAID controller battery backup unit (BBU) degraded on pdu-b-feed-15,PERC controller switched cache mode from write-back to write-through reducing disk I/O.,3 - Moderate,Resolved,Hardware & Datacenter,Servers & Environmental,Datacenter Operations,pdu-b-feed-15,Replaced degraded lithium-ion BBU battery and restored write-back caching.,Sarah Jenkins,2026-08-06 09:35:00,2026-08-06 11:57:00
INC0010106,Poly Studio conference bar microphone array audio clipping on cisco-cucm-cluster-16,Participants on remote end reporting muffled speech during team standups.,3 - Moderate,Resolved,Telephony & Collaboration,VoIP & Video Conferencing,Unified Communications,cisco-cucm-cluster-16,Upgraded Polycom device firmware to v4.1.2 and calibrated beamforming acoustic fence.,Ahmed Hassan,2026-08-06 22:42:00,2026-08-07 03:28:00
INC0010107,Tax calculation service TaxJar rate lookup timeout on settlement-worker-17,Shopping cart checkout displaying $0.00 tax calculation warning.,3 - Moderate,Resolved,E-Commerce & Payments,Payment Gateways & Billing,Payment Platform Engineering,settlement-worker-17,Enabled fallback offline cached tax rate table and increased upstream API timeout to 5s.,James Wilson,2026-08-06 22:39:00,2026-08-07 03:12:00
INC0010108,CrowdStrike Falcon sensor high CPU usage (100%) on developer MacBooks on bitlocker-tpm-18,Developers experiencing severe compile slowdowns during Xcode and Gradle builds.,3 - Moderate,Resolved,End-User Computing,VDI & Desktop Support,Service Desk Tier 2,bitlocker-tpm-18,Configured sensor exclusion policy for local build target and node_modules directories.,Emily Watson,2026-08-06 13:47:00,2026-08-06 18:05:00
INC0010109,High packet drop rate on gateway interface for vpn-gw-apac-19,CRC alignment errors and buffer overruns detected on interface gigabitethernet0/0/1.,2 - High,Resolved,Network,VPN & Remote Access,Network Support Tier 2,vpn-gw-apac-19,Replaced faulty SFP+ 10G optical transceiver module and cleaned LC fiber patch connector.,Vikram Patel,2026-08-07 04:17:00,2026-08-07 08:58:00
INC0010110,Deadlock detected on orders inventory table in oracle-erp-db-20,High-concurrency updates during promotional campaign resulting in transaction rollbacks.,2 - High,Resolved,Database,Relational & NoSQL,Database Administrators (DBA),oracle-erp-db-20,Enforced consistent transaction lock ordering in inventory decrement service and created composite index.,Alex Mercer,2026-08-06 22:04:00,2026-08-07 00:45:00
INC0010111,Ingress-nginx controller 504 Gateway Timeout on eks-cluster-21,Stripe webhook requests timing out at ingress proxy; upstream billing pods saturated.,2 - High,Resolved,Cloud Platform,Kubernetes & Containers,SRE & Cloud Platform,eks-cluster-21,Scaled billing-worker horizontal pod autoscaler from 3 to 12 replicas and increased proxy-read-timeout to 60s.,David Chen,2026-08-06 18:57:00,2026-08-06 23:48:00
INC0010112,Single Sign-On (SSO) SAML assertion signature verification failure on snow-jira-hub-22,Users in Operations and Finance receiving SAML signature validation errors on login page.,1 - Critical,Resolved,Enterprise Apps,ServiceNow & Integrations,ServiceNow Platform Admins,snow-jira-hub-22,Imported updated Azure AD IdP Federation Metadata XML certificate into Multi-Provider SSO configuration.,Mia Wallace,2026-08-06 15:24:00,2026-08-06 16:57:00
INC0010113,Multiple failed SSH root brute-force attempts detected on cert-api-prod-23,"CrowdStrike Falcon alerted on 3,500 failed login attempts within 10 minutes from foreign IP range.",2 - High,Resolved,Security,Certificates & SOC,InfoSec & Security Operations,cert-api-prod-23,"Blocked source CIDR block in AWS Security Group, enforced bastion MFA, and rotated host SSH keys.",Ahmed Hassan,2026-08-06 21:26:00,2026-08-07 00:30:00
INC0010114,SharePoint Online sync client error 0x8004de40 for engineering document library on teams-routing-24,Design engineers unable to sync CAD drawings from cloud SharePoint site.,3 - Moderate,Resolved,Enterprise Apps,Email & Office 365,Workplace IT & Collaboration,teams-routing-24,Reset OneDrive/SharePoint sync client registry keys and re-authenticated user profile.,Rachel Green,2026-08-06 09:13:00,2026-08-06 13:03:00
INC0010115,S3 lifecycle transition rule failing to move objects to Glacier on netapp-san-lun-25,Old audit logs not archiving leading to unexpected monthly cloud storage bill increase.,4 - Low,Resolved,Infrastructure,Storage & Backups,Systems Engineering,netapp-san-lun-25,Corrected invalid prefix filter in S3 lifecycle policy and verified transition schedule.,Elena Rostova,2026-08-07 02:24:00,2026-08-07 06:43:00
INC0010116,SonarQube static analysis gateway timeout blocking pull request merge on sonarqube-server-26,Quality gate analysis failing with HTTP 504 on large repository pull requests.,3 - Moderate,Resolved,DevOps & CI/CD,Build & Deployment Pipelines,DevOps & Release Engineering,sonarqube-server-26,Increased SonarQube compute engine worker threads and tuned heap memory allocation.,Ahmed Hassan,2026-08-06 20:54:00,2026-08-07 00:43:00
INC0010117,RAID controller battery backup unit (BBU) degraded on hpe-proliant-dl380-27,PERC controller switched cache mode from write-back to write-through reducing disk I/O.,3 - Moderate,Resolved,Hardware & Datacenter,Servers & Environmental,Datacenter Operations,hpe-proliant-dl380-27,Replaced degraded lithium-ion BBU battery and restored write-back caching.,Lisa Ray,2026-08-06 15:31:00,2026-08-06 17:38:00
INC0010118,Poly Studio conference bar microphone array audio clipping on audiocodes-sbc-28,Participants on remote end reporting muffled speech during team standups.,3 - Moderate,Resolved,Telephony & Collaboration,VoIP & Video Conferencing,Unified Communications,audiocodes-sbc-28,Upgraded Polycom device firmware to v4.1.2 and calibrated beamforming acoustic fence.,Oliver Queen,2026-08-06 08:24:00,2026-08-06 11:31:00
INC0010119,"Fraud detection engine latency exceeding 1,200ms per transaction on paypal-gateway-api-29",Machine learning scoring model queue backed up causing checkout timeout errors.,2 - High,Resolved,E-Commerce & Payments,Payment Gateways & Billing,Payment Platform Engineering,paypal-gateway-api-29,Scaled SageMaker inference endpoint instances from 2 to 6 and enabled asynchronous scoring.,Lucas Silva,2026-08-06 22:58:00,2026-08-07 00:18:00
INC0010120,CrowdStrike Falcon sensor high CPU usage (100%) on developer MacBooks on citrix-vdi-pool-30,Developers experiencing severe compile slowdowns during Xcode and Gradle builds.,3 - Moderate,Resolved,End-User Computing,VDI & Desktop Support,Service Desk Tier 2,citrix-vdi-pool-30,Configured sensor exclusion policy for local build target and node_modules directories.,Oliver Queen,2026-08-06 20:37:00,2026-08-07 01:40:00
INC0010121,GlobalProtect VPN tunnel drops intermittently during video calls,Remote workers reporting packet loss and session teardowns on gateway vpn-gw-emea-01.,2 - High,Resolved,Network,VPN & Remote Access,Network Support Tier 2,vpn-gw-emea-01,Increased IPSec Dead Peer Detection (DPD) timeout from 30s to 120s and tuned MTU size to 1350.,Emily Watson,2026-08-07 04:27:00,2026-08-07 05:51:00
INC0010122,Deadlock detected on orders inventory table in pg-primary-prod-02,High-concurrency updates during promotional campaign resulting in transaction rollbacks.,2 - High,Resolved,Database,Relational & NoSQL,Database Administrators (DBA),pg-primary-prod-02,Enforced consistent transaction lock ordering in inventory decrement service and created composite index.,Kavita Rao,2026-08-06 16:24:00,2026-08-06 19:26:00
INC0010123,CoreDNS pods CPU throttling causing internal DNS resolution latency on eks-cluster-03,Cluster-wide microservice inter-communication degraded due to DNS timeouts.,1 - Critical,Resolved,Cloud Platform,Kubernetes & Containers,SRE & Cloud Platform,eks-cluster-03,Deployed NodeLocal DNSCache DaemonSet and increased CoreDNS replica count from 2 to 6.,Lisa Ray,2026-08-06 18:48:00,2026-08-06 22:17:00
INC0010124,ServiceNow Flow Designer execution timeout on Employee Offboarding workflow on snow-spoke-sso-04,Automated offboarding run queue stuck waiting on REST step response.,2 - High,Resolved,Enterprise Apps,ServiceNow & Integrations,ServiceNow Platform Admins,snow-spoke-sso-04,Added 30s timeout and retry policy on external Okta de-provisioning REST step.,Liam O'Connor,2026-08-06 10:30:00,2026-08-06 10:54:00
INC0010125,Privileged IAM Access Key inactive for 90 days flagged by AWS Security Hub on cert-api-prod-05,Compliance audit policy violation for unrotated programmatic access keys.,4 - Low,Resolved,Security,Certificates & SOC,InfoSec & Security Operations,cert-api-prod-05,Deactivated and deleted stale IAM programmatic access key; confirmed service role migration.,David Chen,2026-08-06 19:14:00,2026-08-07 01:01:00
INC0010126,Exchange Online outbound email delivery delayed by 45 minutes on o365-exchange-tenant-06,Organization-wide delays delivering emails to external business partner domains.,2 - High,Resolved,Enterprise Apps,Email & Office 365,Workplace IT & Collaboration,o365-exchange-tenant-06,Microsoft tenant advisory EX683921 resolved; outbound routing connectors flushed backlogged queues.,Lucas Silva,2026-08-07 15:12:00,2026-08-07 15:37:00
INC0010127,NFS shared export /mnt/shared mounted read-only on worker servers for aws-backup-vault-07,Batch processing workers failing with [Errno 30] Read-only file system.,2 - High,Resolved,Infrastructure,Storage & Backups,Systems Engineering,aws-backup-vault-07,"Cleared NetApp storage controller failover lock and remounted NFS exports with rw,hard options.",Sarah Jenkins,2026-08-07 12:30:00,2026-08-07 18:27:00
INC0010128,GitHub Actions self-hosted runner offline after OS automatic patching on github-actions-runner-08,Scheduled nightly performance testing pipeline failed to launch.,3 - Moderate,Resolved,DevOps & CI/CD,Build & Deployment Pipelines,DevOps & Release Engineering,github-actions-runner-08,Restarted actions.runner service and configured systemd automatic start on boot.,Nina Petrova,2026-08-07 22:44:00,2026-08-08 01:10:00
INC0010129,APC Smart-UPS battery replacement warning in Rack cisco-nexus-core-09,UPS self-test failed; battery age exceeded 36-month operational threshold.,3 - Moderate,Resolved,Hardware & Datacenter,Servers & Environmental,Datacenter Operations,cisco-nexus-core-09,Scheduled maintenance window and replaced modular battery cartridge pack.,Nina Petrova,2026-08-08 03:38:00,2026-08-08 04:51:00
INC0010130,Genesys Contact Center customer support queue dropping incoming calls on genesys-contact-center-10,Customers hearing busy signal when calling toll-free support line.,1 - Critical,Resolved,Telephony & Collaboration,VoIP & Video Conferencing,Unified Communications,genesys-contact-center-10,Identified SIP trunk channel saturation; carrier increased concurrent call paths from 100 to 300.,Thomas Brown,2026-08-07 11:37:00,2026-08-07 12:05:00
INC0010131,Tax calculation service TaxJar rate lookup timeout on fraud-detection-engine-11,Shopping cart checkout displaying $0.00 tax calculation warning.,3 - Moderate,Resolved,E-Commerce & Payments,Payment Gateways & Billing,Payment Platform Engineering,fraud-detection-engine-11,Enabled fallback offline cached tax rate table and increased upstream API timeout to 5s.,David Chen,2026-08-07 20:45:00,2026-08-07 22:41:00
INC0010132,CrowdStrike Falcon sensor high CPU usage (100%) on developer MacBooks on horizon-desktop-vm-12,Developers experiencing severe compile slowdowns during Xcode and Gradle builds.,3 - Moderate,Resolved,End-User Computing,VDI & Desktop Support,Service Desk Tier 2,horizon-desktop-vm-12,Configured sensor exclusion policy for local build target and node_modules directories.,Oliver Queen,2026-08-07 11:44:00,2026-08-07 14:33:00
INC0010133,BGP route flapping on secondary IPsec link to AWS us-east-1,Route instability causing latency spikes between on-prem core router and vpn-gw-emea-13.,2 - High,Resolved,Network,VPN & Remote Access,Network Support Tier 2,vpn-gw-emea-13,Adjusted BGP hold-time timer to 90s and engaged ISP to clear transit fiber congestion.,Daniel Craig,2026-08-08 02:50:00,2026-08-08 03:26:00
INC0010134,Redis cluster memory fragmentation ratio reached 2.8 on mongo-analytics-14,Cache eviction latency spikes affecting web tier session store.,3 - Moderate,Resolved,Database,Relational & NoSQL,Database Administrators (DBA),mongo-analytics-14,Enabled active defragmentation (activedefrag yes) and scaled Redis node memory limits.,Chloe Bennett,2026-08-08 05:23:00,2026-08-08 06:13:00
INC0010135,Ingress-nginx controller 504 Gateway Timeout on k8s-prod-us-15,Stripe webhook requests timing out at ingress proxy; upstream billing pods saturated.,2 - High,Resolved,Cloud Platform,Kubernetes & Containers,SRE & Cloud Platform,k8s-prod-us-15,Scaled billing-worker horizontal pod autoscaler from 3 to 12 replicas and increased proxy-read-timeout to 60s.,Sarah Jenkins,2026-08-07 21:52:00,2026-08-08 02:17:00
INC0010136,ServiceNow Flow Designer execution timeout on Employee Offboarding workflow on snow-spoke-sso-16,Automated offboarding run queue stuck waiting on REST step response.,2 - High,Resolved,Enterprise Apps,ServiceNow & Integrations,ServiceNow Platform Admins,snow-spoke-sso-16,Added 30s timeout and retry policy on external Okta de-provisioning REST step.,Mia Wallace,2026-08-08 04:57:00,2026-08-08 09:07:00
INC0010137,Multiple failed SSH root brute-force attempts detected on bastion-jump-17,"CrowdStrike Falcon alerted on 3,500 failed login attempts within 10 minutes from foreign IP range.",2 - High,Resolved,Security,Certificates & SOC,InfoSec & Security Operations,bastion-jump-17,"Blocked source CIDR block in AWS Security Group, enforced bastion MFA, and rotated host SSH keys.",Fatima Al-Mansoor,2026-08-07 13:46:00,2026-08-07 18:28:00
INC0010138,Shared mailbox 'invoices@company.com' reached 50GB storage quota on sharepoint-online-18,Accounts Payable incoming supplier invoices bouncing with 554 Mailbox Full NDR.,2 - High,Resolved,Enterprise Apps,Email & Office 365,Workplace IT & Collaboration,sharepoint-online-18,Assigned Exchange Online Plan 2 license with auto-expanding archive and enabled 1-year retention.,Emily Watson,2026-08-08 01:49:00,2026-08-08 06:11:00
INC0010139,Veeam VMware hypervisor backup job failed with CBT error on s3-bucket-archive-19,Changed Block Tracking (CBT) corrupted on critical production virtual machine disk.,3 - Moderate,Resolved,Infrastructure,Storage & Backups,Systems Engineering,s3-bucket-archive-19,Reset VMware CBT on VM configuration and executed active full backup successfully.,David Chen,2026-08-07 16:20:00,2026-08-07 18:40:00
INC0010140,SonarQube static analysis gateway timeout blocking pull request merge on jfrog-artifactory-20,Quality gate analysis failing with HTTP 504 on large repository pull requests.,3 - Moderate,Resolved,DevOps & CI/CD,Build & Deployment Pipelines,DevOps & Release Engineering,jfrog-artifactory-20,Increased SonarQube compute engine worker threads and tuned heap memory allocation.,Sophie Dubois,2026-08-07 15:48:00,2026-08-07 20:00:00
INC0010141,RAID controller battery backup unit (BBU) degraded on pdu-b-feed-21,PERC controller switched cache mode from write-back to write-through reducing disk I/O.,3 - Moderate,Resolved,Hardware & Datacenter,Servers & Environmental,Datacenter Operations,pdu-b-feed-21,Replaced degraded lithium-ion BBU battery and restored write-back caching.,Sandra Martinez,2026-08-07 18:01:00,2026-08-07 22:29:00
INC0010142,Genesys Contact Center customer support queue dropping incoming calls on audiocodes-sbc-22,Customers hearing busy signal when calling toll-free support line.,1 - Critical,Resolved,Telephony & Collaboration,VoIP & Video Conferencing,Unified Communications,audiocodes-sbc-22,Identified SIP trunk channel saturation; carrier increased concurrent call paths from 100 to 300.,Sandra Martinez,2026-08-07 14:22:00,2026-08-07 16:49:00
INC0010143,Nightly payment settlement reconciliation file transmission delayed on taxjar-calc-service-23,Banking partner automated SFTP transfer failed with host key verification error.,2 - High,Resolved,E-Commerce & Payments,Payment Gateways & Billing,Payment Platform Engineering,taxjar-calc-service-23,Updated banking SFTP server public host key in known_hosts file and re-triggered batch job.,Ahmed Hassan,2026-08-08 06:56:00,2026-08-08 09:32:00
INC0010144,Citrix Virtual Apps session freeze on launching Epic EHR on crowdstrike-sensor-24,Clinical staff unable to open medical records application during shift changeover.,1 - Critical,Resolved,End-User Computing,VDI & Desktop Support,Service Desk Tier 2,crowdstrike-sensor-24,Cleared disconnected orphaned ICA sessions and restarted Citrix Virtual Delivery Agent service.,Liam O'Connor,2026-08-07 14:05:00,2026-08-07 16:23:00
INC0010145,VPN split-tunneling policy failing to route internal corporate subnet,Engineers on MacOS client cannot reach internal RFC1918 subnets while connected to cisco-anyconnect-cluster-25.,3 - Moderate,Resolved,Network,VPN & Remote Access,Network Support Tier 2,cisco-anyconnect-cluster-25,Pushed updated split-tunnel routing table rule to GlobalProtect portal configuration.,Mia Wallace,2026-08-08 01:48:00,2026-08-08 04:06:00
INC0010146,MongoDB secondary replica node lag exceeding 45 minutes on mongo-analytics-26,Large batch cleanup on audit_events collection overwhelmed secondary oplog apply thread.,3 - Moderate,Resolved,Database,Relational & NoSQL,Database Administrators (DBA),mongo-analytics-26,Throttled batch deletion worker with sleep interval; replica caught up with oplog within 25 mins.,David Chen,2026-08-07 22:50:00,2026-08-07 23:13:00
INC0010147,Ingress-nginx controller 504 Gateway Timeout on k8s-prod-eu-27,Stripe webhook requests timing out at ingress proxy; upstream billing pods saturated.,2 - High,Resolved,Cloud Platform,Kubernetes & Containers,SRE & Cloud Platform,k8s-prod-eu-27,Scaled billing-worker horizontal pod autoscaler from 3 to 12 replicas and increased proxy-read-timeout to 60s.,Thomas Brown,2026-08-08 20:44:00,2026-08-08 23:03:00
INC0010148,ServiceNow Email Inbound Action failing to parse vendor alert notifications on snow-spoke-sso-28,Automated alert emails from SolarWinds not creating Incident records.,3 - Moderate,Resolved,Enterprise Apps,ServiceNow & Integrations,ServiceNow Platform Admins,snow-spoke-sso-28,Fixed regex pattern in inbound email action script to match new vendor subject format.,Daniel Craig,2026-08-08 23:35:00,2026-08-09 04:21:00
INC0010149,WAF Rate Limit rule triggered by rogue botnet targeting auth endpoint on crowdstrike-agent-29,"Over 12,000 login requests/min detected from distributed residential proxies.",2 - High,Resolved,Security,Certificates & SOC,InfoSec & Security Operations,crowdstrike-agent-29,Configured Cloudflare WAF Managed Challenge rule and throttled suspect IP ASNs.,Lisa Ray,2026-08-08 18:22:00,2026-08-08 22:29:00
INC0010150,Shared mailbox 'invoices@company.com' reached 50GB storage quota on shared-mbx-ap-30,Accounts Payable incoming supplier invoices bouncing with 554 Mailbox Full NDR.,2 - High,Resolved,Enterprise Apps,Email & Office 365,Workplace IT & Collaboration,shared-mbx-ap-30,Assigned Exchange Online Plan 2 license with auto-expanding archive and enabled 1-year retention.,Sandra Martinez,2026-08-08 15:07:00,2026-08-08 17:00:00
INC0010151,Automated daily snapshot backup failed for RDS database on s3-bucket-archive-01,AWS Backup job returned status FAILED with AccessDenied on KMS encryption key.,2 - High,Resolved,Infrastructure,Storage & Backups,Systems Engineering,s3-bucket-archive-01,Updated KMS key policy statement granting DescribeKey permissions to AWSBackupDefaultServiceRole.,Kavita Rao,2026-08-09 06:11:00,2026-08-09 08:04:00
INC0010152,Terraform remote state lock stuck on DynamoDB table for sonarqube-server-02,Automated infrastructure provisioning pipeline blocked by orphan lock.,3 - Moderate,Resolved,DevOps & CI/CD,Build & Deployment Pipelines,DevOps & Release Engineering,sonarqube-server-02,Force-unlocked Terraform state using terraform force-unlock after verifying no active runs.,Lucas Silva,2026-08-09 07:37:00,2026-08-09 12:20:00
INC0010153,APC Smart-UPS battery replacement warning in Rack dell-poweredge-r750-03,UPS self-test failed; battery age exceeded 36-month operational threshold.,3 - Moderate,Resolved,Hardware & Datacenter,Servers & Environmental,Datacenter Operations,dell-poweredge-r750-03,Scheduled maintenance window and replaced modular battery cartridge pack.,Daniel Craig,2026-08-08 14:18:00,2026-08-08 16:29:00
INC0010154,Genesys Contact Center customer support queue dropping incoming calls on genesys-contact-center-04,Customers hearing busy signal when calling toll-free support line.,1 - Critical,Resolved,Telephony & Collaboration,VoIP & Video Conferencing,Unified Communications,genesys-contact-center-04,Identified SIP trunk channel saturation; carrier increased concurrent call paths from 100 to 300.,Priya Sharma,2026-08-08 08:45:00,2026-08-08 13:33:00
INC0010155,Nightly payment settlement reconciliation file transmission delayed on stripe-webhook-handler-05,Banking partner automated SFTP transfer failed with host key verification error.,2 - High,Resolved,E-Commerce & Payments,Payment Gateways & Billing,Payment Platform Engineering,stripe-webhook-handler-05,Updated banking SFTP server public host key in known_hosts file and re-triggered batch job.,Mia Wallace,2026-08-08 09:35:00,2026-08-08 12:19:00
INC0010156,VMware Horizon VDI desktop pool exhausted for offshore contractor team on bitlocker-tpm-06,Contractors receiving 'No desktop sources available' error upon login.,2 - High,Resolved,End-User Computing,VDI & Desktop Support,Service Desk Tier 2,bitlocker-tpm-06,Expanded Horizon instant-clone pool capacity from 150 to 250 virtual desktops.,Sophie Dubois,2026-08-08 11:55:00,2026-08-08 12:16:00
INC0010157,High packet drop rate on gateway interface for cisco-anyconnect-cluster-07,CRC alignment errors and buffer overruns detected on interface gigabitethernet0/0/1.,2 - High,Resolved,Network,VPN & Remote Access,Network Support Tier 2,cisco-anyconnect-cluster-07,Replaced faulty SFP+ 10G optical transceiver module and cleaned LC fiber patch connector.,Robert Sterling,2026-08-08 23:28:00,2026-08-09 02:37:00
INC0010158,PostgreSQL connection pool exhausted on oracle-erp-db-08,Microservices throwing FATAL: remaining connection slots are reserved for superuser connections.,1 - Critical,Resolved,Database,Relational & NoSQL,Database Administrators (DBA),oracle-erp-db-08,Terminated leaked idle-in-transaction client sessions and adjusted PgBouncer pool max_client_conn to 2500.,Rachel Green,2026-08-08 23:07:00,2026-08-08 23:55:00
INC0010159,CoreDNS pods CPU throttling causing internal DNS resolution latency on k8s-prod-us-09,Cluster-wide microservice inter-communication degraded due to DNS timeouts.,1 - Critical,Resolved,Cloud Platform,Kubernetes & Containers,SRE & Cloud Platform,k8s-prod-us-09,Deployed NodeLocal DNSCache DaemonSet and increased CoreDNS replica count from 2 to 6.,Priya Sharma,2026-08-09 02:40:00,2026-08-09 03:22:00
INC0010160,Single Sign-On (SSO) SAML assertion signature verification failure on snow-agent-10,Users in Operations and Finance receiving SAML signature validation errors on login page.,1 - Critical,Resolved,Enterprise Apps,ServiceNow & Integrations,ServiceNow Platform Admins,snow-agent-10,Imported updated Azure AD IdP Federation Metadata XML certificate into Multi-Provider SSO configuration.,Sarah Jenkins,2026-08-08 17:05:00,2026-08-08 19:27:00
INC0010161,Privileged IAM Access Key inactive for 90 days flagged by AWS Security Hub on bastion-jump-11,Compliance audit policy violation for unrotated programmatic access keys.,4 - Low,Resolved,Security,Certificates & SOC,InfoSec & Security Operations,bastion-jump-11,Deactivated and deleted stale IAM programmatic access key; confirmed service role migration.,Alex Mercer,2026-08-09 03:38:00,2026-08-09 09:09:00
INC0010162,Microsoft Teams Direct Routing audio stutter and call drops on teams-routing-12,Voice calls terminating prematurely across regional branch offices.,2 - High,Resolved,Enterprise Apps,Email & Office 365,Workplace IT & Collaboration,teams-routing-12,Upgraded Session Border Controller (SBC) firmware and adjusted jitter buffer settings.,Thomas Brown,2026-08-08 22:58:00,2026-08-09 02:59:00
INC0010163,S3 lifecycle transition rule failing to move objects to Glacier on veeam-backup-srv-13,Old audit logs not archiving leading to unexpected monthly cloud storage bill increase.,4 - Low,Resolved,Infrastructure,Storage & Backups,Systems Engineering,veeam-backup-srv-13,Corrected invalid prefix filter in S3 lifecycle policy and verified transition schedule.,Marcus Vance,2026-08-08 17:36:00,2026-08-08 23:08:00
INC0010164,GitHub Actions self-hosted runner offline after OS automatic patching on gitlab-runner-pool-14,Scheduled nightly performance testing pipeline failed to launch.,3 - Moderate,Resolved,DevOps & CI/CD,Build & Deployment Pipelines,DevOps & Release Engineering,gitlab-runner-pool-14,Restarted actions.runner service and configured systemd automatic start on boot.,Lisa Ray,2026-08-08 14:40:00,2026-08-08 16:43:00
INC0010165,Dell PowerEdge dual PSU fault - Redundancy lost on cisco-nexus-core-15,iDRAC hardware monitor reported Power Supply 2 lost AC input power in Datacenter Row C.,2 - High,Resolved,Hardware & Datacenter,Servers & Environmental,Datacenter Operations,cisco-nexus-core-15,Replaced faulty 1400W hot-swap power supply module and restored dual power feed.,David Chen,2026-08-08 15:11:00,2026-08-08 20:08:00
INC0010166,Genesys Contact Center customer support queue dropping incoming calls on zoom-room-boardroom-16,Customers hearing busy signal when calling toll-free support line.,1 - Critical,Resolved,Telephony & Collaboration,VoIP & Video Conferencing,Unified Communications,zoom-room-boardroom-16,Identified SIP trunk channel saturation; carrier increased concurrent call paths from 100 to 300.,Vikram Patel,2026-08-08 21:28:00,2026-08-09 02:47:00
INC0010167,Nightly payment settlement reconciliation file transmission delayed on stripe-webhook-handler-17,Banking partner automated SFTP transfer failed with host key verification error.,2 - High,Resolved,E-Commerce & Payments,Payment Gateways & Billing,Payment Platform Engineering,stripe-webhook-handler-17,Updated banking SFTP server public host key in known_hosts file and re-triggered batch job.,Mia Wallace,2026-08-09 15:18:00,2026-08-09 17:57:00
INC0010168,Jamf Pro MDM certificate expiration warning for macOS devices on citrix-vdi-pool-18,Apple push notification service (APNs) certificate expiring in 7 days.,3 - Moderate,Resolved,End-User Computing,VDI & Desktop Support,Service Desk Tier 2,citrix-vdi-pool-18,Renewed Apple Push Notification certificate with corporate Apple ID and uploaded to Jamf console.,Fatima Al-Mansoor,2026-08-10 05:14:00,2026-08-10 07:44:00
INC0010169,BGP route flapping on secondary IPsec link to AWS us-east-1,Route instability causing latency spikes between on-prem core router and vpn-gw-apac-19.,2 - High,Resolved,Network,VPN & Remote Access,Network Support Tier 2,vpn-gw-apac-19,Adjusted BGP hold-time timer to 90s and engaged ISP to clear transit fiber congestion.,Alex Mercer,2026-08-09 21:07:00,2026-08-10 02:00:00
INC0010170,Deadlock detected on orders inventory table in oracle-erp-db-20,High-concurrency updates during promotional campaign resulting in transaction rollbacks.,2 - High,Resolved,Database,Relational & NoSQL,Database Administrators (DBA),oracle-erp-db-20,Enforced consistent transaction lock ordering in inventory decrement service and created composite index.,Robert Sterling,2026-08-09 12:04:00,2026-08-09 12:49:00
INC0010171,Ingress-nginx controller 504 Gateway Timeout on aks-core-21,Stripe webhook requests timing out at ingress proxy; upstream billing pods saturated.,2 - High,Resolved,Cloud Platform,Kubernetes & Containers,SRE & Cloud Platform,aks-core-21,Scaled billing-worker horizontal pod autoscaler from 3 to 12 replicas and increased proxy-read-timeout to 60s.,Thomas Brown,2026-08-10 07:52:00,2026-08-10 12:58:00
INC0010172,ServiceNow Flow Designer execution timeout on Employee Offboarding workflow on snow-mid-prod-22,Automated offboarding run queue stuck waiting on REST step response.,2 - High,Resolved,Enterprise Apps,ServiceNow & Integrations,ServiceNow Platform Admins,snow-mid-prod-22,Added 30s timeout and retry policy on external Okta de-provisioning REST step.,Mia Wallace,2026-08-09 22:44:00,2026-08-10 01:34:00
INC0010173,WAF Rate Limit rule triggered by rogue botnet targeting auth endpoint on waf-cloudflare-23,"Over 12,000 login requests/min detected from distributed residential proxies.",2 - High,Resolved,Security,Certificates & SOC,InfoSec & Security Operations,waf-cloudflare-23,Configured Cloudflare WAF Managed Challenge rule and throttled suspect IP ASNs.,Emily Watson,2026-08-10 00:34:00,2026-08-10 05:01:00
INC0010174,Exchange Online outbound email delivery delayed by 45 minutes on sharepoint-online-24,Organization-wide delays delivering emails to external business partner domains.,2 - High,Resolved,Enterprise Apps,Email & Office 365,Workplace IT & Collaboration,sharepoint-online-24,Microsoft tenant advisory EX683921 resolved; outbound routing connectors flushed backlogged queues.,Liam O'Connor,2026-08-09 09:56:00,2026-08-09 13:52:00
INC0010175,Storage volume /data disk utilization reached 96% on s3-bucket-archive-25,Application logs and temp files filling up root partition threatening server crash.,2 - High,Resolved,Infrastructure,Storage & Backups,Systems Engineering,s3-bucket-archive-25,Expanded EBS volume size from 250GB to 600GB online using growpart and xfs_growfs.,Alex Mercer,2026-08-09 16:01:00,2026-08-09 17:02:00
INC0010176,GitHub Actions self-hosted runner offline after OS automatic patching on argocd-server-26,Scheduled nightly performance testing pipeline failed to launch.,3 - Moderate,Resolved,DevOps & CI/CD,Build & Deployment Pipelines,DevOps & Release Engineering,argocd-server-26,Restarted actions.runner service and configured systemd automatic start on boot.,Lisa Ray,2026-08-09 08:48:00,2026-08-09 14:47:00
INC0010177,RAID controller battery backup unit (BBU) degraded on dell-poweredge-r750-27,PERC controller switched cache mode from write-back to write-through reducing disk I/O.,3 - Moderate,Resolved,Hardware & Datacenter,Servers & Environmental,Datacenter Operations,dell-poweredge-r750-27,Replaced degraded lithium-ion BBU battery and restored write-back caching.,Fatima Al-Mansoor,2026-08-09 13:30:00,2026-08-09 18:10:00
INC0010178,Poly Studio conference bar microphone array audio clipping on genesys-contact-center-28,Participants on remote end reporting muffled speech during team standups.,3 - Moderate,Resolved,Telephony & Collaboration,VoIP & Video Conferencing,Unified Communications,genesys-contact-center-28,Upgraded Polycom device firmware to v4.1.2 and calibrated beamforming acoustic fence.,Fatima Al-Mansoor,2026-08-09 13:37:00,2026-08-09 17:35:00
INC0010179,"Fraud detection engine latency exceeding 1,200ms per transaction on stripe-webhook-handler-29",Machine learning scoring model queue backed up causing checkout timeout errors.,2 - High,Resolved,E-Commerce & Payments,Payment Gateways & Billing,Payment Platform Engineering,stripe-webhook-handler-29,Scaled SageMaker inference endpoint instances from 2 to 6 and enabled asynchronous scoring.,Sandra Martinez,2026-08-09 23:22:00,2026-08-10 03:06:00
INC0010180,BitLocker recovery key prompt on reboot after BIOS update for laptop fleet on citrix-vdi-pool-30,Over 40 executive laptops locked at BitLocker PIN screen following security firmware patch.,2 - High,Resolved,End-User Computing,VDI & Desktop Support,Service Desk Tier 2,citrix-vdi-pool-30,Retrieved BitLocker keys via Intune portal script and suspended BitLocker protection for BIOS upgrade.,Mia Wallace,2026-08-09 13:21:00,2026-08-09 17:06:00
INC0010181,VPN split-tunneling policy failing to route internal corporate subnet,Engineers on MacOS client cannot reach internal RFC1918 subnets while connected to vpn-gw-us-01.,3 - Moderate,Resolved,Network,VPN & Remote Access,Network Support Tier 2,vpn-gw-us-01,Pushed updated split-tunnel routing table rule to GlobalProtect portal configuration.,Marcus Vance,2026-08-10 05:25:00,2026-08-10 10:21:00
INC0010182,MongoDB secondary replica node lag exceeding 45 minutes on pg-primary-prod-02,Large batch cleanup on audit_events collection overwhelmed secondary oplog apply thread.,3 - Moderate,Resolved,Database,Relational & NoSQL,Database Administrators (DBA),pg-primary-prod-02,Throttled batch deletion worker with sleep interval; replica caught up with oplog within 25 mins.,Sarah Jenkins,2026-08-09 18:16:00,2026-08-09 21:16:00
INC0010183,CoreDNS pods CPU throttling causing internal DNS resolution latency on aks-core-03,Cluster-wide microservice inter-communication degraded due to DNS timeouts.,1 - Critical,Resolved,Cloud Platform,Kubernetes & Containers,SRE & Cloud Platform,aks-core-03,Deployed NodeLocal DNSCache DaemonSet and increased CoreDNS replica count from 2 to 6.,Emily Watson,2026-08-09 08:42:00,2026-08-09 13:34:00
INC0010184,ServiceNow Flow Designer execution timeout on Employee Offboarding workflow on snow-mid-prod-04,Automated offboarding run queue stuck waiting on REST step response.,2 - High,Resolved,Enterprise Apps,ServiceNow & Integrations,ServiceNow Platform Admins,snow-mid-prod-04,Added 30s timeout and retry policy on external Okta de-provisioning REST step.,Lucas Silva,2026-08-09 14:33:00,2026-08-09 17:53:00
INC0010185,WAF Rate Limit rule triggered by rogue botnet targeting auth endpoint on bastion-jump-05,"Over 12,000 login requests/min detected from distributed residential proxies.",2 - High,Resolved,Security,Certificates & SOC,InfoSec & Security Operations,bastion-jump-05,Configured Cloudflare WAF Managed Challenge rule and throttled suspect IP ASNs.,Ahmed Hassan,2026-08-09 09:13:00,2026-08-09 11:44:00
INC0010186,Outlook desktop client repeatedly prompting for user credentials on shared-mbx-ap-06,Finance users unable to sync inbox due to recurring Modern Auth dialog loop.,3 - Moderate,Resolved,Enterprise Apps,Email & Office 365,Workplace IT & Collaboration,shared-mbx-ap-06,Cleared corrupted Windows Credential Manager cached tokens and refreshed Azure AD device PRT.,Sarah Jenkins,2026-08-09 22:56:00,2026-08-10 03:19:00
INC0010187,Automated daily snapshot backup failed for RDS database on s3-bucket-archive-07,AWS Backup job returned status FAILED with AccessDenied on KMS encryption key.,2 - High,Resolved,Infrastructure,Storage & Backups,Systems Engineering,s3-bucket-archive-07,Updated KMS key policy statement granting DescribeKey permissions to AWSBackupDefaultServiceRole.,Thomas Brown,2026-08-09 15:45:00,2026-08-09 17:21:00
INC0010188,GitHub Actions self-hosted runner offline after OS automatic patching on gitlab-runner-pool-08,Scheduled nightly performance testing pipeline failed to launch.,3 - Moderate,Resolved,DevOps & CI/CD,Build & Deployment Pipelines,DevOps & Release Engineering,gitlab-runner-pool-08,Restarted actions.runner service and configured systemd automatic start on boot.,Alex Mercer,2026-08-11 01:26:00,2026-08-11 02:28:00
INC0010189,Dell PowerEdge dual PSU fault - Redundancy lost on pdu-b-feed-09,iDRAC hardware monitor reported Power Supply 2 lost AC input power in Datacenter Row C.,2 - High,Resolved,Hardware & Datacenter,Servers & Environmental,Datacenter Operations,pdu-b-feed-09,Replaced faulty 1400W hot-swap power supply module and restored dual power feed.,Vikram Patel,2026-08-10 11:41:00,2026-08-10 13:14:00
INC0010190,AudioCodes SBC rejecting incoming calls with SIP 403 Forbidden on poly-studio-x50-10,Branch office outbound dialing failing across EMEA sites.,2 - High,Resolved,Telephony & Collaboration,VoIP & Video Conferencing,Unified Communications,poly-studio-x50-10,Renewed expired TLS certificate on SIP trunk signaling interface.,Vikram Patel,2026-08-11 06:17:00,2026-08-11 10:04:00
INC0010191,"Fraud detection engine latency exceeding 1,200ms per transaction on paypal-gateway-api-11",Machine learning scoring model queue backed up causing checkout timeout errors.,2 - High,Resolved,E-Commerce & Payments,Payment Gateways & Billing,Payment Platform Engineering,paypal-gateway-api-11,Scaled SageMaker inference endpoint instances from 2 to 6 and enabled asynchronous scoring.,Rachel Green,2026-08-10 22:35:00,2026-08-11 00:04:00
INC0010192,VMware Horizon VDI desktop pool exhausted for offshore contractor team on crowdstrike-sensor-12,Contractors receiving 'No desktop sources available' error upon login.,2 - High,Resolved,End-User Computing,VDI & Desktop Support,Service Desk Tier 2,crowdstrike-sensor-12,Expanded Horizon instant-clone pool capacity from 150 to 250 virtual desktops.,David Chen,2026-08-11 00:47:00,2026-08-11 02:11:00
INC0010193,High packet drop rate on gateway interface for cisco-anyconnect-cluster-13,CRC alignment errors and buffer overruns detected on interface gigabitethernet0/0/1.,2 - High,Resolved,Network,VPN & Remote Access,Network Support Tier 2,cisco-anyconnect-cluster-13,Replaced faulty SFP+ 10G optical transceiver module and cleaned LC fiber patch connector.,Lisa Ray,2026-08-10 18:59:00,2026-08-10 23:33:00
INC0010194,PostgreSQL connection pool exhausted on oracle-erp-db-14,Microservices throwing FATAL: remaining connection slots are reserved for superuser connections.,1 - Critical,Resolved,Database,Relational & NoSQL,Database Administrators (DBA),oracle-erp-db-14,Terminated leaked idle-in-transaction client sessions and adjusted PgBouncer pool max_client_conn to 2500.,Sophie Dubois,2026-08-11 07:19:00,2026-08-11 12:34:00
INC0010195,CoreDNS pods CPU throttling causing internal DNS resolution latency on k8s-prod-eu-15,Cluster-wide microservice inter-communication degraded due to DNS timeouts.,1 - Critical,Resolved,Cloud Platform,Kubernetes & Containers,SRE & Cloud Platform,k8s-prod-eu-15,Deployed NodeLocal DNSCache DaemonSet and increased CoreDNS replica count from 2 to 6.,Daniel Craig,2026-08-10 22:34:00,2026-08-11 02:56:00
INC0010196,Jira bi-directional Integration Hub webhook failing with 401 Unauthorized on snow-agent-16,Incidents created in ServiceNow failing to synchronize with engineering Jira backlog.,3 - Moderate,Resolved,Enterprise Apps,ServiceNow & Integrations,ServiceNow Platform Admins,snow-agent-16,Regenerated expired Jira REST API service token and updated connection alias credentials.,Sandra Martinez,2026-08-11 01:24:00,2026-08-11 05:32:00
INC0010197,Multiple failed SSH root brute-force attempts detected on cert-checkout-17,"CrowdStrike Falcon alerted on 3,500 failed login attempts within 10 minutes from foreign IP range.",2 - High,Resolved,Security,Certificates & SOC,InfoSec & Security Operations,cert-checkout-17,"Blocked source CIDR block in AWS Security Group, enforced bastion MFA, and rotated host SSH keys.",Nina Petrova,2026-08-11 02:24:00,2026-08-11 04:38:00
INC0010198,SharePoint Online sync client error 0x8004de40 for engineering document library on o365-exchange-tenant-18,Design engineers unable to sync CAD drawings from cloud SharePoint site.,3 - Moderate,Resolved,Enterprise Apps,Email & Office 365,Workplace IT & Collaboration,o365-exchange-tenant-18,Reset OneDrive/SharePoint sync client registry keys and re-authenticated user profile.,Mia Wallace,2026-08-10 18:47:00,2026-08-10 23:04:00
INC0010199,Veeam VMware hypervisor backup job failed with CBT error on veeam-backup-srv-19,Changed Block Tracking (CBT) corrupted on critical production virtual machine disk.,3 - Moderate,Resolved,Infrastructure,Storage & Backups,Systems Engineering,veeam-backup-srv-19,Reset VMware CBT on VM configuration and executed active full backup successfully.,Priya Sharma,2026-08-11 05:50:00,2026-08-11 11:38:00
INC0010200,Terraform remote state lock stuck on DynamoDB table for gitlab-runner-pool-20,Automated infrastructure provisioning pipeline blocked by orphan lock.,3 - Moderate,Resolved,DevOps & CI/CD,Build & Deployment Pipelines,DevOps & Release Engineering,gitlab-runner-pool-20,Force-unlocked Terraform state using terraform force-unlock after verifying no active runs.,Sandra Martinez,2026-08-10 12:32:00,2026-08-10 17:49:00
INC0010201,Dell PowerEdge dual PSU fault - Redundancy lost on pdu-b-feed-21,iDRAC hardware monitor reported Power Supply 2 lost AC input power in Datacenter Row C.,2 - High,Resolved,Hardware & Datacenter,Servers & Environmental,Datacenter Operations,pdu-b-feed-21,Replaced faulty 1400W hot-swap power supply module and restored dual power feed.,Elena Rostova,2026-08-10 11:33:00,2026-08-10 15:41:00
INC0010202,Genesys Contact Center customer support queue dropping incoming calls on audiocodes-sbc-22,Customers hearing busy signal when calling toll-free support line.,1 - Critical,Resolved,Telephony & Collaboration,VoIP & Video Conferencing,Unified Communications,audiocodes-sbc-22,Identified SIP trunk channel saturation; carrier increased concurrent call paths from 100 to 300.,Vikram Patel,2026-08-11 04:09:00,2026-08-11 05:02:00
INC0010203,Nightly payment settlement reconciliation file transmission delayed on settlement-worker-23,Banking partner automated SFTP transfer failed with host key verification error.,2 - High,Resolved,E-Commerce & Payments,Payment Gateways & Billing,Payment Platform Engineering,settlement-worker-23,Updated banking SFTP server public host key in known_hosts file and re-triggered batch job.,Fatima Al-Mansoor,2026-08-11 03:44:00,2026-08-11 07:22:00
INC0010204,Citrix Virtual Apps session freeze on launching Epic EHR on jamf-mac-mgmt-24,Clinical staff unable to open medical records application during shift changeover.,1 - Critical,Resolved,End-User Computing,VDI & Desktop Support,Service Desk Tier 2,jamf-mac-mgmt-24,Cleared disconnected orphaned ICA sessions and restarted Citrix Virtual Delivery Agent service.,Rachel Green,2026-08-11 05:54:00,2026-08-11 10:42:00
INC0010205,High packet drop rate on gateway interface for cisco-anyconnect-cluster-25,CRC alignment errors and buffer overruns detected on interface gigabitethernet0/0/1.,2 - High,Resolved,Network,VPN & Remote Access,Network Support Tier 2,cisco-anyconnect-cluster-25,Replaced faulty SFP+ 10G optical transceiver module and cleaned LC fiber patch connector.,David Chen,2026-08-11 01:02:00,2026-08-11 06:33:00
INC0010206,Deadlock detected on orders inventory table in oracle-erp-db-26,High-concurrency updates during promotional campaign resulting in transaction rollbacks.,2 - High,Resolved,Database,Relational & NoSQL,Database Administrators (DBA),oracle-erp-db-26,Enforced consistent transaction lock ordering in inventory decrement service and created composite index.,James Wilson,2026-08-10 15:47:00,2026-08-10 16:48:00
INC0010207,Pod CrashLoopBackOff due to OOMKilled (Exit Code 137) on k8s-prod-us-27,Auth-service container memory breached 2Gi limit during peak morning traffic spike.,1 - Critical,Resolved,Cloud Platform,Kubernetes & Containers,SRE & Cloud Platform,k8s-prod-us-27,Identified memory leak in JWT token cache; patched deployment to v2.4.2 and set memory limit to 4Gi.,Elena Rostova,2026-08-10 22:10:00,2026-08-11 00:58:00
INC0010208,ServiceNow MID Server down - LDAP discovery and orchestration stopped on snow-spoke-sso-28,Production MID server host unreachable; Active Directory scheduled sync failed.,1 - Critical,Resolved,Enterprise Apps,ServiceNow & Integrations,ServiceNow Platform Admins,snow-spoke-sso-28,Renewed expired mutual TLS client certificate in wrapper-override.conf and restarted MID daemon.,Daniel Craig,2026-08-10 09:18:00,2026-08-10 12:36:00
INC0010209,WAF Rate Limit rule triggered by rogue botnet targeting auth endpoint on cert-checkout-29,"Over 12,000 login requests/min detected from distributed residential proxies.",2 - High,Resolved,Security,Certificates & SOC,InfoSec & Security Operations,cert-checkout-29,Configured Cloudflare WAF Managed Challenge rule and throttled suspect IP ASNs.,Sophie Dubois,2026-08-11 15:33:00,2026-08-11 19:18:00
INC0010210,Outlook desktop client repeatedly prompting for user credentials on m365-outlook-client-30,Finance users unable to sync inbox due to recurring Modern Auth dialog loop.,3 - Moderate,Resolved,Enterprise Apps,Email & Office 365,Workplace IT & Collaboration,m365-outlook-client-30,Cleared corrupted Windows Credential Manager cached tokens and refreshed Azure AD device PRT.,Rachel Green,2026-08-11 13:05:00,2026-08-11 18:32:00
INC0010211,S3 lifecycle transition rule failing to move objects to Glacier on aws-backup-vault-01,Old audit logs not archiving leading to unexpected monthly cloud storage bill increase.,4 - Low,Resolved,Infrastructure,Storage & Backups,Systems Engineering,aws-backup-vault-01,Corrected invalid prefix filter in S3 lifecycle policy and verified transition schedule.,Priya Sharma,2026-08-11 23:58:00,2026-08-12 05:11:00
INC0010212,JFrog Artifactory Docker registry returning 500 Internal Server Error on jfrog-artifactory-02,Kubernetes deployments unable to pull container images during release window.,1 - Critical,Resolved,DevOps & CI/CD,Build & Deployment Pipelines,DevOps & Release Engineering,jfrog-artifactory-02,Resolved disk space pressure on /var/opt/jfrog/artifactory/data and restarted PostgreSQL backend.,Lisa Ray,2026-08-12 04:16:00,2026-08-12 08:26:00
INC0010213,Dell PowerEdge dual PSU fault - Redundancy lost on pdu-b-feed-03,iDRAC hardware monitor reported Power Supply 2 lost AC input power in Datacenter Row C.,2 - High,Resolved,Hardware & Datacenter,Servers & Environmental,Datacenter Operations,pdu-b-feed-03,Replaced faulty 1400W hot-swap power supply module and restored dual power feed.,Robert Sterling,2026-08-11 17:43:00,2026-08-11 22:37:00
INC0010214,Boardroom Zoom Room SIP controller failed to register on audiocodes-sbc-04,Executive board meeting unable to dial external conference bridge.,2 - High,Resolved,Telephony & Collaboration,VoIP & Video Conferencing,Unified Communications,audiocodes-sbc-04,Updated SIP digest authentication password in Zoom Room admin portal and reconnected device.,Fatima Al-Mansoor,2026-08-11 19:37:00,2026-08-11 22:25:00
INC0010215,"Fraud detection engine latency exceeding 1,200ms per transaction on settlement-worker-05",Machine learning scoring model queue backed up causing checkout timeout errors.,2 - High,Resolved,E-Commerce & Payments,Payment Gateways & Billing,Payment Platform Engineering,settlement-worker-05,Scaled SageMaker inference endpoint instances from 2 to 6 and enabled asynchronous scoring.,Kavita Rao,2026-08-11 22:54:00,2026-08-12 01:43:00
INC0010216,Jamf Pro MDM certificate expiration warning for macOS devices on bitlocker-tpm-06,Apple push notification service (APNs) certificate expiring in 7 days.,3 - Moderate,Resolved,End-User Computing,VDI & Desktop Support,Service Desk Tier 2,bitlocker-tpm-06,Renewed Apple Push Notification certificate with corporate Apple ID and uploaded to Jamf console.,Sophie Dubois,2026-08-11 11:15:00,2026-08-11 14:45:00
INC0010217,High packet drop rate on gateway interface for paloalto-fw-07,CRC alignment errors and buffer overruns detected on interface gigabitethernet0/0/1.,2 - High,Resolved,Network,VPN & Remote Access,Network Support Tier 2,paloalto-fw-07,Replaced faulty SFP+ 10G optical transceiver module and cleaned LC fiber patch connector.,Elena Rostova,2026-08-11 17:44:00,2026-08-11 20:30:00
INC0010218,MongoDB secondary replica node lag exceeding 45 minutes on oracle-erp-db-08,Large batch cleanup on audit_events collection overwhelmed secondary oplog apply thread.,3 - Moderate,Resolved,Database,Relational & NoSQL,Database Administrators (DBA),oracle-erp-db-08,Throttled batch deletion worker with sleep interval; replica caught up with oplog within 25 mins.,Lucas Silva,2026-08-11 08:36:00,2026-08-11 09:16:00
INC0010219,CoreDNS pods CPU throttling causing internal DNS resolution latency on eks-cluster-09,Cluster-wide microservice inter-communication degraded due to DNS timeouts.,1 - Critical,Resolved,Cloud Platform,Kubernetes & Containers,SRE & Cloud Platform,eks-cluster-09,Deployed NodeLocal DNSCache DaemonSet and increased CoreDNS replica count from 2 to 6.,Alex Mercer,2026-08-11 15:38:00,2026-08-11 18:53:00
INC0010220,Single Sign-On (SSO) SAML assertion signature verification failure on snow-agent-10,Users in Operations and Finance receiving SAML signature validation errors on login page.,1 - Critical,Resolved,Enterprise Apps,ServiceNow & Integrations,ServiceNow Platform Admins,snow-agent-10,Imported updated Azure AD IdP Federation Metadata XML certificate into Multi-Provider SSO configuration.,Oliver Queen,2026-08-11 16:43:00,2026-08-11 22:35:00
INC0010221,Multiple failed SSH root brute-force attempts detected on cert-api-prod-11,"CrowdStrike Falcon alerted on 3,500 failed login attempts within 10 minutes from foreign IP range.",2 - High,Resolved,Security,Certificates & SOC,InfoSec & Security Operations,cert-api-prod-11,"Blocked source CIDR block in AWS Security Group, enforced bastion MFA, and rotated host SSH keys.",Thomas Brown,2026-08-12 04:41:00,2026-08-12 05:16:00
INC0010222,SharePoint Online sync client error 0x8004de40 for engineering document library on o365-exchange-tenant-12,Design engineers unable to sync CAD drawings from cloud SharePoint site.,3 - Moderate,Resolved,Enterprise Apps,Email & Office 365,Workplace IT & Collaboration,o365-exchange-tenant-12,Reset OneDrive/SharePoint sync client registry keys and re-authenticated user profile.,David Chen,2026-08-12 02:23:00,2026-08-12 03:45:00
INC0010223,Storage volume /data disk utilization reached 96% on nfs-storage-cluster-13,Application logs and temp files filling up root partition threatening server crash.,2 - High,Resolved,Infrastructure,Storage & Backups,Systems Engineering,nfs-storage-cluster-13,Expanded EBS volume size from 250GB to 600GB online using growpart and xfs_growfs.,Kavita Rao,2026-08-12 07:26:00,2026-08-12 09:10:00
INC0010224,JFrog Artifactory Docker registry returning 500 Internal Server Error on argocd-server-14,Kubernetes deployments unable to pull container images during release window.,1 - Critical,Resolved,DevOps & CI/CD,Build & Deployment Pipelines,DevOps & Release Engineering,argocd-server-14,Resolved disk space pressure on /var/opt/jfrog/artifactory/data and restarted PostgreSQL backend.,Lisa Ray,2026-08-11 19:33:00,2026-08-12 00:04:00
INC0010225,Cisco Nexus core switch fan module failure on apc-ups-rack-15,Chassis temperature alarm triggered; fan tray 3 operating at 0 RPM.,2 - High,Resolved,Hardware & Datacenter,Servers & Environmental,Datacenter Operations,apc-ups-rack-15,Dispatched on-site technician to hot-swap replacement fan module; chassis temp normalized.,Liam O'Connor,2026-08-11 23:51:00,2026-08-12 02:37:00
INC0010226,AudioCodes SBC rejecting incoming calls with SIP 403 Forbidden on zoom-room-boardroom-16,Branch office outbound dialing failing across EMEA sites.,2 - High,Resolved,Telephony & Collaboration,VoIP & Video Conferencing,Unified Communications,zoom-room-boardroom-16,Renewed expired TLS certificate on SIP trunk signaling interface.,Nina Petrova,2026-08-11 22:04:00,2026-08-11 23:31:00
INC0010227,PayPal checkout API returning 500 Internal Error on fraud-detection-engine-17,International shoppers unable to complete PayPal express checkout.,1 - Critical,Resolved,E-Commerce & Payments,Payment Gateways & Billing,Payment Platform Engineering,fraud-detection-engine-17,Updated PayPal SDK client authentication headers following upstream API deprecation.,Rachel Green,2026-08-12 01:23:00,2026-08-12 02:24:00
INC0010228,Citrix Virtual Apps session freeze on launching Epic EHR on jamf-mac-mgmt-18,Clinical staff unable to open medical records application during shift changeover.,1 - Critical,Resolved,End-User Computing,VDI & Desktop Support,Service Desk Tier 2,jamf-mac-mgmt-18,Cleared disconnected orphaned ICA sessions and restarted Citrix Virtual Delivery Agent service.,Daniel Craig,2026-08-12 01:07:00,2026-08-12 05:14:00
INC0010229,High packet drop rate on gateway interface for paloalto-fw-19,CRC alignment errors and buffer overruns detected on interface gigabitethernet0/0/1.,2 - High,Resolved,Network,VPN & Remote Access,Network Support Tier 2,paloalto-fw-19,Replaced faulty SFP+ 10G optical transceiver module and cleaned LC fiber patch connector.,Daniel Craig,2026-08-11 20:52:00,2026-08-12 02:33:00
INC0010230,PostgreSQL connection pool exhausted on aurora-mysql-20,Microservices throwing FATAL: remaining connection slots are reserved for superuser connections.,1 - Critical,Resolved,Database,Relational & NoSQL,Database Administrators (DBA),aurora-mysql-20,Terminated leaked idle-in-transaction client sessions and adjusted PgBouncer pool max_client_conn to 2500.,Ahmed Hassan,2026-08-12 23:01:00,2026-08-13 04:33:00
INC0010231,Ingress-nginx controller 504 Gateway Timeout on aks-core-21,Stripe webhook requests timing out at ingress proxy; upstream billing pods saturated.,2 - High,Resolved,Cloud Platform,Kubernetes & Containers,SRE & Cloud Platform,aks-core-21,Scaled billing-worker horizontal pod autoscaler from 3 to 12 replicas and increased proxy-read-timeout to 60s.,Fatima Al-Mansoor,2026-08-12 15:41:00,2026-08-12 16:28:00
INC0010232,ServiceNow Flow Designer execution timeout on Employee Offboarding workflow on snow-spoke-sso-22,Automated offboarding run queue stuck waiting on REST step response.,2 - High,Resolved,Enterprise Apps,ServiceNow & Integrations,ServiceNow Platform Admins,snow-spoke-sso-22,Added 30s timeout and retry policy on external Okta de-provisioning REST step.,Priya Sharma,2026-08-13 04:26:00,2026-08-13 05:40:00
INC0010233,SSL/TLS certificate expired for customer endpoint cert-api-prod-23,Web clients receiving NET::ERR_CERT_DATE_INVALID security warnings upon checkout.,1 - Critical,Resolved,Security,Certificates & SOC,InfoSec & Security Operations,cert-api-prod-23,"Re-issued DigiCert wildcard SSL certificate, bound to ALB listener and CloudFront distribution.",Sarah Jenkins,2026-08-12 17:31:00,2026-08-12 18:45:00
INC0010234,Outlook desktop client repeatedly prompting for user credentials on sharepoint-online-24,Finance users unable to sync inbox due to recurring Modern Auth dialog loop.,3 - Moderate,Resolved,Enterprise Apps,Email & Office 365,Workplace IT & Collaboration,sharepoint-online-24,Cleared corrupted Windows Credential Manager cached tokens and refreshed Azure AD device PRT.,Daniel Craig,2026-08-12 12:24:00,2026-08-12 16:31:00
INC0010235,S3 lifecycle transition rule failing to move objects to Glacier on veeam-backup-srv-25,Old audit logs not archiving leading to unexpected monthly cloud storage bill increase.,4 - Low,Resolved,Infrastructure,Storage & Backups,Systems Engineering,veeam-backup-srv-25,Corrected invalid prefix filter in S3 lifecycle policy and verified transition schedule.,James Wilson,2026-08-13 02:47:00,2026-08-13 04:21:00
INC0010236,CI/CD build queue congestion - 60 jobs waiting for available runner on jfrog-artifactory-26,Developer pull request validation builds stalled due to runner exhaustion.,2 - High,Resolved,DevOps & CI/CD,Build & Deployment Pipelines,DevOps & Release Engineering,jfrog-artifactory-26,Scaled autoscaling GitLab runner instance group from 5 to 25 worker nodes.,Marcus Vance,2026-08-13 03:26:00,2026-08-13 06:04:00
INC0010237,APC Smart-UPS battery replacement warning in Rack cisco-nexus-core-27,UPS self-test failed; battery age exceeded 36-month operational threshold.,3 - Moderate,Resolved,Hardware & Datacenter,Servers & Environmental,Datacenter Operations,cisco-nexus-core-27,Scheduled maintenance window and replaced modular battery cartridge pack.,Daniel Craig,2026-08-12 22:28:00,2026-08-13 00:43:00
INC0010238,Boardroom Zoom Room SIP controller failed to register on genesys-contact-center-28,Executive board meeting unable to dial external conference bridge.,2 - High,Resolved,Telephony & Collaboration,VoIP & Video Conferencing,Unified Communications,genesys-contact-center-28,Updated SIP digest authentication password in Zoom Room admin portal and reconnected device.,Daniel Craig,2026-08-13 01:57:00,2026-08-13 07:42:00
INC0010239,Stripe webhook delivery failure for subscription invoices on fraud-detection-engine-29,Customer accounts remaining in past_due state despite successful credit card charge.,1 - Critical,Resolved,E-Commerce & Payments,Payment Gateways & Billing,Payment Platform Engineering,fraud-detection-engine-29,Resolved idempotency key conflict in webhook handler and re-played failed events via Stripe CLI.,Emily Watson,2026-08-12 16:12:00,2026-08-12 17:29:00
INC0010240,Citrix Virtual Apps session freeze on launching Epic EHR on horizon-desktop-vm-30,Clinical staff unable to open medical records application during shift changeover.,1 - Critical,Resolved,End-User Computing,VDI & Desktop Support,Service Desk Tier 2,horizon-desktop-vm-30,Cleared disconnected orphaned ICA sessions and restarted Citrix Virtual Delivery Agent service.,Elena Rostova,2026-08-13 04:40:00,2026-08-13 10:00:00
INC0010241,GlobalProtect VPN tunnel drops intermittently during video calls,Remote workers reporting packet loss and session teardowns on gateway vpn-gw-us-01.,2 - High,Resolved,Network,VPN & Remote Access,Network Support Tier 2,vpn-gw-us-01,Increased IPSec Dead Peer Detection (DPD) timeout from 30s to 120s and tuned MTU size to 1350.,Kavita Rao,2026-08-12 15:08:00,2026-08-12 20:12:00
INC0010242,PostgreSQL connection pool exhausted on redis-cluster-02,Microservices throwing FATAL: remaining connection slots are reserved for superuser connections.,1 - Critical,Resolved,Database,Relational & NoSQL,Database Administrators (DBA),redis-cluster-02,Terminated leaked idle-in-transaction client sessions and adjusted PgBouncer pool max_client_conn to 2500.,Alex Mercer,2026-08-12 14:37:00,2026-08-12 16:42:00
INC0010243,Ingress-nginx controller 504 Gateway Timeout on k8s-prod-eu-03,Stripe webhook requests timing out at ingress proxy; upstream billing pods saturated.,2 - High,Resolved,Cloud Platform,Kubernetes & Containers,SRE & Cloud Platform,k8s-prod-eu-03,Scaled billing-worker horizontal pod autoscaler from 3 to 12 replicas and increased proxy-read-timeout to 60s.,Priya Sharma,2026-08-13 03:00:00,2026-08-13 05:36:00
INC0010244,Single Sign-On (SSO) SAML assertion signature verification failure on snow-agent-04,Users in Operations and Finance receiving SAML signature validation errors on login page.,1 - Critical,Resolved,Enterprise Apps,ServiceNow & Integrations,ServiceNow Platform Admins,snow-agent-04,Imported updated Azure AD IdP Federation Metadata XML certificate into Multi-Provider SSO configuration.,Sarah Jenkins,2026-08-12 16:51:00,2026-08-12 18:35:00
INC0010245,SSL/TLS certificate expired for customer endpoint cert-checkout-05,Web clients receiving NET::ERR_CERT_DATE_INVALID security warnings upon checkout.,1 - Critical,Resolved,Security,Certificates & SOC,InfoSec & Security Operations,cert-checkout-05,"Re-issued DigiCert wildcard SSL certificate, bound to ALB listener and CloudFront distribution.",Sophie Dubois,2026-08-12 08:22:00,2026-08-12 10:38:00
INC0010246,Shared mailbox 'invoices@company.com' reached 50GB storage quota on o365-exchange-tenant-06,Accounts Payable incoming supplier invoices bouncing with 554 Mailbox Full NDR.,2 - High,Resolved,Enterprise Apps,Email & Office 365,Workplace IT & Collaboration,o365-exchange-tenant-06,Assigned Exchange Online Plan 2 license with auto-expanding archive and enabled 1-year retention.,Priya Sharma,2026-08-12 13:16:00,2026-08-12 13:57:00
INC0010247,Veeam VMware hypervisor backup job failed with CBT error on s3-bucket-archive-07,Changed Block Tracking (CBT) corrupted on critical production virtual machine disk.,3 - Moderate,Resolved,Infrastructure,Storage & Backups,Systems Engineering,s3-bucket-archive-07,Reset VMware CBT on VM configuration and executed active full backup successfully.,Vikram Patel,2026-08-12 11:47:00,2026-08-12 12:34:00
INC0010248,Terraform remote state lock stuck on DynamoDB table for sonarqube-server-08,Automated infrastructure provisioning pipeline blocked by orphan lock.,3 - Moderate,Resolved,DevOps & CI/CD,Build & Deployment Pipelines,DevOps & Release Engineering,sonarqube-server-08,Force-unlocked Terraform state using terraform force-unlock after verifying no active runs.,Emily Watson,2026-08-13 00:37:00,2026-08-13 01:47:00
INC0010249,RAID controller battery backup unit (BBU) degraded on cisco-nexus-core-09,PERC controller switched cache mode from write-back to write-through reducing disk I/O.,3 - Moderate,Resolved,Hardware & Datacenter,Servers & Environmental,Datacenter Operations,cisco-nexus-core-09,Replaced degraded lithium-ion BBU battery and restored write-back caching.,Chloe Bennett,2026-08-13 03:02:00,2026-08-13 08:54:00
INC0010250,AudioCodes SBC rejecting incoming calls with SIP 403 Forbidden on audiocodes-sbc-10,Branch office outbound dialing failing across EMEA sites.,2 - High,Resolved,Telephony & Collaboration,VoIP & Video Conferencing,Unified Communications,audiocodes-sbc-10,Renewed expired TLS certificate on SIP trunk signaling interface.,Vikram Patel,2026-08-14 04:01:00,2026-08-14 04:47:00
INC0010251,"Fraud detection engine latency exceeding 1,200ms per transaction on fraud-detection-engine-11",Machine learning scoring model queue backed up causing checkout timeout errors.,2 - High,Resolved,E-Commerce & Payments,Payment Gateways & Billing,Payment Platform Engineering,fraud-detection-engine-11,Scaled SageMaker inference endpoint instances from 2 to 6 and enabled asynchronous scoring.,Mia Wallace,2026-08-14 05:06:00,2026-08-14 09:32:00
INC0010252,Jamf Pro MDM certificate expiration warning for macOS devices on citrix-vdi-pool-12,Apple push notification service (APNs) certificate expiring in 7 days.,3 - Moderate,Resolved,End-User Computing,VDI & Desktop Support,Service Desk Tier 2,citrix-vdi-pool-12,Renewed Apple Push Notification certificate with corporate Apple ID and uploaded to Jamf console.,Priya Sharma,2026-08-13 10:20:00,2026-08-13 15:46:00
INC0010253,GlobalProtect VPN tunnel drops intermittently during video calls,Remote workers reporting packet loss and session teardowns on gateway vpn-gw-apac-13.,2 - High,Resolved,Network,VPN & Remote Access,Network Support Tier 2,vpn-gw-apac-13,Increased IPSec Dead Peer Detection (DPD) timeout from 30s to 120s and tuned MTU size to 1350.,Sophie Dubois,2026-08-13 16:39:00,2026-08-13 22:18:00
INC0010254,Redis cluster memory fragmentation ratio reached 2.8 on oracle-erp-db-14,Cache eviction latency spikes affecting web tier session store.,3 - Moderate,Resolved,Database,Relational & NoSQL,Database Administrators (DBA),oracle-erp-db-14,Enabled active defragmentation (activedefrag yes) and scaled Redis node memory limits.,Thomas Brown,2026-08-13 20:38:00,2026-08-14 01:24:00
INC0010255,CoreDNS pods CPU throttling causing internal DNS resolution latency on aks-core-15,Cluster-wide microservice inter-communication degraded due to DNS timeouts.,1 - Critical,Resolved,Cloud Platform,Kubernetes & Containers,SRE & Cloud Platform,aks-core-15,Deployed NodeLocal DNSCache DaemonSet and increased CoreDNS replica count from 2 to 6.,Mia Wallace,2026-08-14 03:27:00,2026-08-14 04:32:00
INC0010256,ServiceNow MID Server down - LDAP discovery and orchestration stopped on snow-agent-16,Production MID server host unreachable; Active Directory scheduled sync failed.,1 - Critical,Resolved,Enterprise Apps,ServiceNow & Integrations,ServiceNow Platform Admins,snow-agent-16,Renewed expired mutual TLS client certificate in wrapper-override.conf and restarted MID daemon.,James Wilson,2026-08-14 07:55:00,2026-08-14 10:00:00
INC0010257,WAF Rate Limit rule triggered by rogue botnet targeting auth endpoint on cert-checkout-17,"Over 12,000 login requests/min detected from distributed residential proxies.",2 - High,Resolved,Security,Certificates & SOC,InfoSec & Security Operations,cert-checkout-17,Configured Cloudflare WAF Managed Challenge rule and throttled suspect IP ASNs.,Rachel Green,2026-08-13 21:21:00,2026-08-14 01:28:00
INC0010258,SharePoint Online sync client error 0x8004de40 for engineering document library on o365-exchange-tenant-18,Design engineers unable to sync CAD drawings from cloud SharePoint site.,3 - Moderate,Resolved,Enterprise Apps,Email & Office 365,Workplace IT & Collaboration,o365-exchange-tenant-18,Reset OneDrive/SharePoint sync client registry keys and re-authenticated user profile.,Oliver Queen,2026-08-13 18:27:00,2026-08-13 21:22:00
INC0010259,Storage volume /data disk utilization reached 96% on nfs-storage-cluster-19,Application logs and temp files filling up root partition threatening server crash.,2 - High,Resolved,Infrastructure,Storage & Backups,Systems Engineering,nfs-storage-cluster-19,Expanded EBS volume size from 250GB to 600GB online using growpart and xfs_growfs.,David Chen,2026-08-13 12:43:00,2026-08-13 17:00:00
INC0010260,CI/CD build queue congestion - 60 jobs waiting for available runner on gitlab-runner-pool-20,Developer pull request validation builds stalled due to runner exhaustion.,2 - High,Resolved,DevOps & CI/CD,Build & Deployment Pipelines,DevOps & Release Engineering,gitlab-runner-pool-20,Scaled autoscaling GitLab runner instance group from 5 to 25 worker nodes.,Liam O'Connor,2026-08-13 10:27:00,2026-08-13 11:31:00
INC0010261,APC Smart-UPS battery replacement warning in Rack cisco-nexus-core-21,UPS self-test failed; battery age exceeded 36-month operational threshold.,3 - Moderate,Resolved,Hardware & Datacenter,Servers & Environmental,Datacenter Operations,cisco-nexus-core-21,Scheduled maintenance window and replaced modular battery cartridge pack.,Ahmed Hassan,2026-08-14 01:03:00,2026-08-14 06:18:00
INC0010262,Cisco CallManager CDR billing export file transmission failed on genesys-contact-center-22,Telecom accounting report missing daily call detail records.,4 - Low,Resolved,Telephony & Collaboration,VoIP & Video Conferencing,Unified Communications,genesys-contact-center-22,Fixed SFTP destination server firewall rule and re-sent backlogged CDR files.,Daniel Craig,2026-08-14 05:07:00,2026-08-14 08:52:00
INC0010263,"Fraud detection engine latency exceeding 1,200ms per transaction on stripe-webhook-handler-23",Machine learning scoring model queue backed up causing checkout timeout errors.,2 - High,Resolved,E-Commerce & Payments,Payment Gateways & Billing,Payment Platform Engineering,stripe-webhook-handler-23,Scaled SageMaker inference endpoint instances from 2 to 6 and enabled asynchronous scoring.,Daniel Craig,2026-08-13 17:38:00,2026-08-13 20:32:00
INC0010264,Citrix Virtual Apps session freeze on launching Epic EHR on crowdstrike-sensor-24,Clinical staff unable to open medical records application during shift changeover.,1 - Critical,Resolved,End-User Computing,VDI & Desktop Support,Service Desk Tier 2,crowdstrike-sensor-24,Cleared disconnected orphaned ICA sessions and restarted Citrix Virtual Delivery Agent service.,Oliver Queen,2026-08-14 00:13:00,2026-08-14 01:47:00
INC0010265,VPN split-tunneling policy failing to route internal corporate subnet,Engineers on MacOS client cannot reach internal RFC1918 subnets while connected to vpn-gw-apac-25.,3 - Moderate,Resolved,Network,VPN & Remote Access,Network Support Tier 2,vpn-gw-apac-25,Pushed updated split-tunnel routing table rule to GlobalProtect portal configuration.,Daniel Craig,2026-08-13 11:22:00,2026-08-13 16:21:00
INC0010266,PostgreSQL connection pool exhausted on oracle-erp-db-26,Microservices throwing FATAL: remaining connection slots are reserved for superuser connections.,1 - Critical,Resolved,Database,Relational & NoSQL,Database Administrators (DBA),oracle-erp-db-26,Terminated leaked idle-in-transaction client sessions and adjusted PgBouncer pool max_client_conn to 2500.,Ahmed Hassan,2026-08-14 02:14:00,2026-08-14 06:08:00
INC0010267,ArgoCD GitOps deployment sync error for microservice namespace on aks-core-27,Out-of-sync CRD definition causing continuous Helm reconciliation failures.,3 - Moderate,Resolved,Cloud Platform,Kubernetes & Containers,SRE & Cloud Platform,aks-core-27,Updated CustomResourceDefinition schema version in master repository and triggered hard refresh.,Elena Rostova,2026-08-14 05:41:00,2026-08-14 10:41:00
INC0010268,ServiceNow Email Inbound Action failing to parse vendor alert notifications on snow-spoke-sso-28,Automated alert emails from SolarWinds not creating Incident records.,3 - Moderate,Resolved,Enterprise Apps,ServiceNow & Integrations,ServiceNow Platform Admins,snow-spoke-sso-28,Fixed regex pattern in inbound email action script to match new vendor subject format.,Mia Wallace,2026-08-13 08:11:00,2026-08-13 10:45:00
INC0010269,Critical vulnerability CVE-2026-4428 detected in OpenSSL base image on waf-cloudflare-29,Prisma Cloud vulnerability scanner flagged high-severity CVSS 9.8 remote execution risk.,2 - High,Resolved,Security,Certificates & SOC,InfoSec & Security Operations,waf-cloudflare-29,Updated Docker base image to alpine:3.20.2 containing patched OpenSSL 3.3.1-r1 and redeployed.,Priya Sharma,2026-08-13 19:00:00,2026-08-13 20:47:00
INC0010270,Microsoft Teams Direct Routing audio stutter and call drops on teams-routing-30,Voice calls terminating prematurely across regional branch offices.,2 - High,Resolved,Enterprise Apps,Email & Office 365,Workplace IT & Collaboration,teams-routing-30,Upgraded Session Border Controller (SBC) firmware and adjusted jitter buffer settings.,Elena Rostova,2026-08-13 10:09:00,2026-08-13 15:48:00
INC0010271,Automated daily snapshot backup failed for RDS database on s3-bucket-archive-01,AWS Backup job returned status FAILED with AccessDenied on KMS encryption key.,2 - High,Resolved,Infrastructure,Storage & Backups,Systems Engineering,s3-bucket-archive-01,Updated KMS key policy statement granting DescribeKey permissions to AWSBackupDefaultServiceRole.,Emily Watson,2026-08-14 14:24:00,2026-08-14 18:13:00
INC0010272,SonarQube static analysis gateway timeout blocking pull request merge on github-actions-runner-02,Quality gate analysis failing with HTTP 504 on large repository pull requests.,3 - Moderate,Resolved,DevOps & CI/CD,Build & Deployment Pipelines,DevOps & Release Engineering,github-actions-runner-02,Increased SonarQube compute engine worker threads and tuned heap memory allocation.,Nina Petrova,2026-08-14 19:19:00,2026-08-14 22:20:00
INC0010273,RAID controller battery backup unit (BBU) degraded on hpe-proliant-dl380-03,PERC controller switched cache mode from write-back to write-through reducing disk I/O.,3 - Moderate,Resolved,Hardware & Datacenter,Servers & Environmental,Datacenter Operations,hpe-proliant-dl380-03,Replaced degraded lithium-ion BBU battery and restored write-back caching.,Priya Sharma,2026-08-14 10:56:00,2026-08-14 11:37:00
INC0010274,Genesys Contact Center customer support queue dropping incoming calls on poly-studio-x50-04,Customers hearing busy signal when calling toll-free support line.,1 - Critical,Resolved,Telephony & Collaboration,VoIP & Video Conferencing,Unified Communications,poly-studio-x50-04,Identified SIP trunk channel saturation; carrier increased concurrent call paths from 100 to 300.,Lisa Ray,2026-08-14 09:43:00,2026-08-14 10:39:00
INC0010275,"Fraud detection engine latency exceeding 1,200ms per transaction on fraud-detection-engine-05",Machine learning scoring model queue backed up causing checkout timeout errors.,2 - High,Resolved,E-Commerce & Payments,Payment Gateways & Billing,Payment Platform Engineering,fraud-detection-engine-05,Scaled SageMaker inference endpoint instances from 2 to 6 and enabled asynchronous scoring.,James Wilson,2026-08-14 23:38:00,2026-08-15 03:39:00
INC0010276,BitLocker recovery key prompt on reboot after BIOS update for laptop fleet on horizon-desktop-vm-06,Over 40 executive laptops locked at BitLocker PIN screen following security firmware patch.,2 - High,Resolved,End-User Computing,VDI & Desktop Support,Service Desk Tier 2,horizon-desktop-vm-06,Retrieved BitLocker keys via Intune portal script and suspended BitLocker protection for BIOS upgrade.,James Wilson,2026-08-15 00:07:00,2026-08-15 03:18:00
INC0010277,GlobalProtect VPN tunnel drops intermittently during video calls,Remote workers reporting packet loss and session teardowns on gateway vpn-gw-us-07.,2 - High,Resolved,Network,VPN & Remote Access,Network Support Tier 2,vpn-gw-us-07,Increased IPSec Dead Peer Detection (DPD) timeout from 30s to 120s and tuned MTU size to 1350.,Vikram Patel,2026-08-15 05:43:00,2026-08-15 11:01:00
INC0010278,Redis cluster memory fragmentation ratio reached 2.8 on oracle-erp-db-08,Cache eviction latency spikes affecting web tier session store.,3 - Moderate,Resolved,Database,Relational & NoSQL,Database Administrators (DBA),oracle-erp-db-08,Enabled active defragmentation (activedefrag yes) and scaled Redis node memory limits.,Lucas Silva,2026-08-14 09:14:00,2026-08-14 12:51:00
INC0010279,Pod CrashLoopBackOff due to OOMKilled (Exit Code 137) on k8s-prod-us-09,Auth-service container memory breached 2Gi limit during peak morning traffic spike.,1 - Critical,Resolved,Cloud Platform,Kubernetes & Containers,SRE & Cloud Platform,k8s-prod-us-09,Identified memory leak in JWT token cache; patched deployment to v2.4.2 and set memory limit to 4Gi.,Nina Petrova,2026-08-14 14:19:00,2026-08-14 16:22:00
INC0010280,Single Sign-On (SSO) SAML assertion signature verification failure on snow-spoke-sso-10,Users in Operations and Finance receiving SAML signature validation errors on login page.,1 - Critical,Resolved,Enterprise Apps,ServiceNow & Integrations,ServiceNow Platform Admins,snow-spoke-sso-10,Imported updated Azure AD IdP Federation Metadata XML certificate into Multi-Provider SSO configuration.,Elena Rostova,2026-08-14 17:20:00,2026-08-14 18:36:00
INC0010281,WAF Rate Limit rule triggered by rogue botnet targeting auth endpoint on bastion-jump-11,"Over 12,000 login requests/min detected from distributed residential proxies.",2 - High,Resolved,Security,Certificates & SOC,InfoSec & Security Operations,bastion-jump-11,Configured Cloudflare WAF Managed Challenge rule and throttled suspect IP ASNs.,Ahmed Hassan,2026-08-14 13:08:00,2026-08-14 16:37:00
INC0010282,Outlook desktop client repeatedly prompting for user credentials on sharepoint-online-12,Finance users unable to sync inbox due to recurring Modern Auth dialog loop.,3 - Moderate,Resolved,Enterprise Apps,Email & Office 365,Workplace IT & Collaboration,sharepoint-online-12,Cleared corrupted Windows Credential Manager cached tokens and refreshed Azure AD device PRT.,Daniel Craig,2026-08-15 01:53:00,2026-08-15 07:50:00
INC0010283,Automated daily snapshot backup failed for RDS database on veeam-backup-srv-13,AWS Backup job returned status FAILED with AccessDenied on KMS encryption key.,2 - High,Resolved,Infrastructure,Storage & Backups,Systems Engineering,veeam-backup-srv-13,Updated KMS key policy statement granting DescribeKey permissions to AWSBackupDefaultServiceRole.,Elena Rostova,2026-08-15 07:02:00,2026-08-15 11:00:00
INC0010284,Terraform remote state lock stuck on DynamoDB table for gitlab-runner-pool-14,Automated infrastructure provisioning pipeline blocked by orphan lock.,3 - Moderate,Resolved,DevOps & CI/CD,Build & Deployment Pipelines,DevOps & Release Engineering,gitlab-runner-pool-14,Force-unlocked Terraform state using terraform force-unlock after verifying no active runs.,Sophie Dubois,2026-08-14 18:36:00,2026-08-14 22:30:00
INC0010285,Server rack thermal threshold warning (88°F) in Datacenter Row pdu-b-feed-15,CRAC unit 4 airflow baffle stuck causing localized hot spot.,2 - High,Resolved,Hardware & Datacenter,Servers & Environmental,Datacenter Operations,pdu-b-feed-15,Facilities team repaired motorized damper on CRAC unit; row temperature returned to 68°F.,Elena Rostova,2026-08-14 17:07:00,2026-08-14 20:49:00
INC0010286,AudioCodes SBC rejecting incoming calls with SIP 403 Forbidden on cisco-cucm-cluster-16,Branch office outbound dialing failing across EMEA sites.,2 - High,Resolved,Telephony & Collaboration,VoIP & Video Conferencing,Unified Communications,cisco-cucm-cluster-16,Renewed expired TLS certificate on SIP trunk signaling interface.,David Chen,2026-08-15 03:29:00,2026-08-15 06:49:00
INC0010287,"Fraud detection engine latency exceeding 1,200ms per transaction on stripe-webhook-handler-17",Machine learning scoring model queue backed up causing checkout timeout errors.,2 - High,Resolved,E-Commerce & Payments,Payment Gateways & Billing,Payment Platform Engineering,stripe-webhook-handler-17,Scaled SageMaker inference endpoint instances from 2 to 6 and enabled asynchronous scoring.,Rachel Green,2026-08-14 15:27:00,2026-08-14 20:43:00
INC0010288,CrowdStrike Falcon sensor high CPU usage (100%) on developer MacBooks on citrix-vdi-pool-18,Developers experiencing severe compile slowdowns during Xcode and Gradle builds.,3 - Moderate,Resolved,End-User Computing,VDI & Desktop Support,Service Desk Tier 2,citrix-vdi-pool-18,Configured sensor exclusion policy for local build target and node_modules directories.,Liam O'Connor,2026-08-14 20:55:00,2026-08-14 23:48:00
INC0010289,High packet drop rate on gateway interface for vpn-gw-apac-19,CRC alignment errors and buffer overruns detected on interface gigabitethernet0/0/1.,2 - High,Resolved,Network,VPN & Remote Access,Network Support Tier 2,vpn-gw-apac-19,Replaced faulty SFP+ 10G optical transceiver module and cleaned LC fiber patch connector.,David Chen,2026-08-14 18:49:00,2026-08-14 20:30:00
INC0010290,Redis cluster memory fragmentation ratio reached 2.8 on pg-primary-prod-20,Cache eviction latency spikes affecting web tier session store.,3 - Moderate,Resolved,Database,Relational & NoSQL,Database Administrators (DBA),pg-primary-prod-20,Enabled active defragmentation (activedefrag yes) and scaled Redis node memory limits.,Nina Petrova,2026-08-15 00:32:00,2026-08-15 02:26:00
INC0010291,Ingress-nginx controller 504 Gateway Timeout on eks-cluster-21,Stripe webhook requests timing out at ingress proxy; upstream billing pods saturated.,2 - High,Resolved,Cloud Platform,Kubernetes & Containers,SRE & Cloud Platform,eks-cluster-21,Scaled billing-worker horizontal pod autoscaler from 3 to 12 replicas and increased proxy-read-timeout to 60s.,Priya Sharma,2026-08-15 07:52:00,2026-08-15 13:37:00
INC0010292,Single Sign-On (SSO) SAML assertion signature verification failure on snow-mid-prod-22,Users in Operations and Finance receiving SAML signature validation errors on login page.,1 - Critical,Resolved,Enterprise Apps,ServiceNow & Integrations,ServiceNow Platform Admins,snow-mid-prod-22,Imported updated Azure AD IdP Federation Metadata XML certificate into Multi-Provider SSO configuration.,Robert Sterling,2026-08-15 12:16:00,2026-08-15 14:12:00
INC0010293,Privileged IAM Access Key inactive for 90 days flagged by AWS Security Hub on cert-checkout-23,Compliance audit policy violation for unrotated programmatic access keys.,4 - Low,Resolved,Security,Certificates & SOC,InfoSec & Security Operations,cert-checkout-23,Deactivated and deleted stale IAM programmatic access key; confirmed service role migration.,Nina Petrova,2026-08-16 04:04:00,2026-08-16 05:49:00
INC0010294,SharePoint Online sync client error 0x8004de40 for engineering document library on teams-routing-24,Design engineers unable to sync CAD drawings from cloud SharePoint site.,3 - Moderate,Resolved,Enterprise Apps,Email & Office 365,Workplace IT & Collaboration,teams-routing-24,Reset OneDrive/SharePoint sync client registry keys and re-authenticated user profile.,Emily Watson,2026-08-16 02:48:00,2026-08-16 07:59:00
INC0010295,S3 lifecycle transition rule failing to move objects to Glacier on s3-bucket-archive-25,Old audit logs not archiving leading to unexpected monthly cloud storage bill increase.,4 - Low,Resolved,Infrastructure,Storage & Backups,Systems Engineering,s3-bucket-archive-25,Corrected invalid prefix filter in S3 lifecycle policy and verified transition schedule.,Sandra Martinez,2026-08-15 18:55:00,2026-08-16 00:31:00
INC0010296,JFrog Artifactory Docker registry returning 500 Internal Server Error on jfrog-artifactory-26,Kubernetes deployments unable to pull container images during release window.,1 - Critical,Resolved,DevOps & CI/CD,Build & Deployment Pipelines,DevOps & Release Engineering,jfrog-artifactory-26,Resolved disk space pressure on /var/opt/jfrog/artifactory/data and restarted PostgreSQL backend.,Fatima Al-Mansoor,2026-08-15 10:30:00,2026-08-15 14:31:00
INC0010297,APC Smart-UPS battery replacement warning in Rack apc-ups-rack-27,UPS self-test failed; battery age exceeded 36-month operational threshold.,3 - Moderate,Resolved,Hardware & Datacenter,Servers & Environmental,Datacenter Operations,apc-ups-rack-27,Scheduled maintenance window and replaced modular battery cartridge pack.,Chloe Bennett,2026-08-16 02:03:00,2026-08-16 05:18:00
INC0010298,Boardroom Zoom Room SIP controller failed to register on genesys-contact-center-28,Executive board meeting unable to dial external conference bridge.,2 - High,Resolved,Telephony & Collaboration,VoIP & Video Conferencing,Unified Communications,genesys-contact-center-28,Updated SIP digest authentication password in Zoom Room admin portal and reconnected device.,Marcus Vance,2026-08-15 22:28:00,2026-08-15 23:02:00
INC0010299,Nightly payment settlement reconciliation file transmission delayed on settlement-worker-29,Banking partner automated SFTP transfer failed with host key verification error.,2 - High,Resolved,E-Commerce & Payments,Payment Gateways & Billing,Payment Platform Engineering,settlement-worker-29,Updated banking SFTP server public host key in known_hosts file and re-triggered batch job.,Lucas Silva,2026-08-15 10:41:00,2026-08-15 11:42:00
INC0010300,CrowdStrike Falcon sensor high CPU usage (100%) on developer MacBooks on crowdstrike-sensor-30,Developers experiencing severe compile slowdowns during Xcode and Gradle builds.,3 - Moderate,Resolved,End-User Computing,VDI & Desktop Support,Service Desk Tier 2,crowdstrike-sensor-30,Configured sensor exclusion policy for local build target and node_modules directories.,Ahmed Hassan,2026-08-15 20:29:00,2026-08-16 01:41:00
INC0010301,GlobalProtect VPN tunnel drops intermittently during video calls,Remote workers reporting packet loss and session teardowns on gateway cisco-anyconnect-cluster-01.,2 - High,Resolved,Network,VPN & Remote Access,Network Support Tier 2,cisco-anyconnect-cluster-01,Increased IPSec Dead Peer Detection (DPD) timeout from 30s to 120s and tuned MTU size to 1350.,Sandra Martinez,2026-08-16 02:41:00,2026-08-16 04:32:00
INC0010302,Redis cluster memory fragmentation ratio reached 2.8 on mongo-analytics-02,Cache eviction latency spikes affecting web tier session store.,3 - Moderate,Resolved,Database,Relational & NoSQL,Database Administrators (DBA),mongo-analytics-02,Enabled active defragmentation (activedefrag yes) and scaled Redis node memory limits.,Emily Watson,2026-08-16 00:09:00,2026-08-16 00:55:00
INC0010303,Pod CrashLoopBackOff due to OOMKilled (Exit Code 137) on eks-cluster-03,Auth-service container memory breached 2Gi limit during peak morning traffic spike.,1 - Critical,Resolved,Cloud Platform,Kubernetes & Containers,SRE & Cloud Platform,eks-cluster-03,Identified memory leak in JWT token cache; patched deployment to v2.4.2 and set memory limit to 4Gi.,Fatima Al-Mansoor,2026-08-16 06:05:00,2026-08-16 10:38:00
INC0010304,Single Sign-On (SSO) SAML assertion signature verification failure on snow-mid-prod-04,Users in Operations and Finance receiving SAML signature validation errors on login page.,1 - Critical,Resolved,Enterprise Apps,ServiceNow & Integrations,ServiceNow Platform Admins,snow-mid-prod-04,Imported updated Azure AD IdP Federation Metadata XML certificate into Multi-Provider SSO configuration.,Emily Watson,2026-08-15 15:45:00,2026-08-15 19:44:00
INC0010305,Privileged IAM Access Key inactive for 90 days flagged by AWS Security Hub on crowdstrike-agent-05,Compliance audit policy violation for unrotated programmatic access keys.,4 - Low,Resolved,Security,Certificates & SOC,InfoSec & Security Operations,crowdstrike-agent-05,Deactivated and deleted stale IAM programmatic access key; confirmed service role migration.,Daniel Craig,2026-08-16 03:10:00,2026-08-16 06:31:00
INC0010306,Shared mailbox 'invoices@company.com' reached 50GB storage quota on teams-routing-06,Accounts Payable incoming supplier invoices bouncing with 554 Mailbox Full NDR.,2 - High,Resolved,Enterprise Apps,Email & Office 365,Workplace IT & Collaboration,teams-routing-06,Assigned Exchange Online Plan 2 license with auto-expanding archive and enabled 1-year retention.,Oliver Queen,2026-08-15 21:49:00,2026-08-16 00:57:00
INC0010307,S3 lifecycle transition rule failing to move objects to Glacier on netapp-san-lun-07,Old audit logs not archiving leading to unexpected monthly cloud storage bill increase.,4 - Low,Resolved,Infrastructure,Storage & Backups,Systems Engineering,netapp-san-lun-07,Corrected invalid prefix filter in S3 lifecycle policy and verified transition schedule.,David Chen,2026-08-16 04:41:00,2026-08-16 07:47:00
INC0010308,SonarQube static analysis gateway timeout blocking pull request merge on gitlab-runner-pool-08,Quality gate analysis failing with HTTP 504 on large repository pull requests.,3 - Moderate,Resolved,DevOps & CI/CD,Build & Deployment Pipelines,DevOps & Release Engineering,gitlab-runner-pool-08,Increased SonarQube compute engine worker threads and tuned heap memory allocation.,Thomas Brown,2026-08-16 01:43:00,2026-08-16 05:15:00
INC0010309,APC Smart-UPS battery replacement warning in Rack hpe-proliant-dl380-09,UPS self-test failed; battery age exceeded 36-month operational threshold.,3 - Moderate,Resolved,Hardware & Datacenter,Servers & Environmental,Datacenter Operations,hpe-proliant-dl380-09,Scheduled maintenance window and replaced modular battery cartridge pack.,Sophie Dubois,2026-08-15 12:21:00,2026-08-15 13:17:00
INC0010310,Genesys Contact Center customer support queue dropping incoming calls on genesys-contact-center-10,Customers hearing busy signal when calling toll-free support line.,1 - Critical,Resolved,Telephony & Collaboration,VoIP & Video Conferencing,Unified Communications,genesys-contact-center-10,Identified SIP trunk channel saturation; carrier increased concurrent call paths from 100 to 300.,Rachel Green,2026-08-15 17:41:00,2026-08-15 23:35:00
INC0010311,PayPal checkout API returning 500 Internal Error on taxjar-calc-service-11,International shoppers unable to complete PayPal express checkout.,1 - Critical,Resolved,E-Commerce & Payments,Payment Gateways & Billing,Payment Platform Engineering,taxjar-calc-service-11,Updated PayPal SDK client authentication headers following upstream API deprecation.,Ahmed Hassan,2026-08-16 06:05:00,2026-08-16 08:58:00
INC0010312,Jamf Pro MDM certificate expiration warning for macOS devices on jamf-mac-mgmt-12,Apple push notification service (APNs) certificate expiring in 7 days.,3 - Moderate,Resolved,End-User Computing,VDI & Desktop Support,Service Desk Tier 2,jamf-mac-mgmt-12,Renewed Apple Push Notification certificate with corporate Apple ID and uploaded to Jamf console.,David Chen,2026-08-15 12:42:00,2026-08-15 17:26:00
INC0010313,VPN split-tunneling policy failing to route internal corporate subnet,Engineers on MacOS client cannot reach internal RFC1918 subnets while connected to paloalto-fw-13.,3 - Moderate,Resolved,Network,VPN & Remote Access,Network Support Tier 2,paloalto-fw-13,Pushed updated split-tunnel routing table rule to GlobalProtect portal configuration.,Thomas Brown,2026-08-16 19:01:00,2026-08-16 22:21:00
INC0010314,Deadlock detected on orders inventory table in aurora-mysql-14,High-concurrency updates during promotional campaign resulting in transaction rollbacks.,2 - High,Resolved,Database,Relational & NoSQL,Database Administrators (DBA),aurora-mysql-14,Enforced consistent transaction lock ordering in inventory decrement service and created composite index.,Kavita Rao,2026-08-16 18:49:00,2026-08-16 23:12:00
INC0010315,Kubernetes worker nodes DiskPressure condition causing pod evictions on k8s-prod-eu-15,Ephemeral root volume /var/lib/docker reached 92% capacity on multiple worker instances.,2 - High,Resolved,Cloud Platform,Kubernetes & Containers,SRE & Cloud Platform,k8s-prod-eu-15,Tuned kubelet image garbage collection threshold to 80% and pruned dangling build artifacts.,Sarah Jenkins,2026-08-16 12:04:00,2026-08-16 14:50:00
INC0010316,ServiceNow Email Inbound Action failing to parse vendor alert notifications on snow-agent-16,Automated alert emails from SolarWinds not creating Incident records.,3 - Moderate,Resolved,Enterprise Apps,ServiceNow & Integrations,ServiceNow Platform Admins,snow-agent-16,Fixed regex pattern in inbound email action script to match new vendor subject format.,Marcus Vance,2026-08-17 07:56:00,2026-08-17 12:40:00
INC0010317,Critical vulnerability CVE-2026-4428 detected in OpenSSL base image on crowdstrike-agent-17,Prisma Cloud vulnerability scanner flagged high-severity CVSS 9.8 remote execution risk.,2 - High,Resolved,Security,Certificates & SOC,InfoSec & Security Operations,crowdstrike-agent-17,Updated Docker base image to alpine:3.20.2 containing patched OpenSSL 3.3.1-r1 and redeployed.,Priya Sharma,2026-08-16 12:38:00,2026-08-16 16:05:00
INC0010318,Outlook desktop client repeatedly prompting for user credentials on m365-outlook-client-18,Finance users unable to sync inbox due to recurring Modern Auth dialog loop.,3 - Moderate,Resolved,Enterprise Apps,Email & Office 365,Workplace IT & Collaboration,m365-outlook-client-18,Cleared corrupted Windows Credential Manager cached tokens and refreshed Azure AD device PRT.,Robert Sterling,2026-08-17 06:49:00,2026-08-17 12:23:00
INC0010319,Veeam VMware hypervisor backup job failed with CBT error on netapp-san-lun-19,Changed Block Tracking (CBT) corrupted on critical production virtual machine disk.,3 - Moderate,Resolved,Infrastructure,Storage & Backups,Systems Engineering,netapp-san-lun-19,Reset VMware CBT on VM configuration and executed active full backup successfully.,Emily Watson,2026-08-16 21:23:00,2026-08-16 23:39:00
INC0010320,GitHub Actions self-hosted runner offline after OS automatic patching on sonarqube-server-20,Scheduled nightly performance testing pipeline failed to launch.,3 - Moderate,Resolved,DevOps & CI/CD,Build & Deployment Pipelines,DevOps & Release Engineering,sonarqube-server-20,Restarted actions.runner service and configured systemd automatic start on boot.,Alex Mercer,2026-08-17 07:50:00,2026-08-17 11:54:00
INC0010321,RAID controller battery backup unit (BBU) degraded on cisco-nexus-core-21,PERC controller switched cache mode from write-back to write-through reducing disk I/O.,3 - Moderate,Resolved,Hardware & Datacenter,Servers & Environmental,Datacenter Operations,cisco-nexus-core-21,Replaced degraded lithium-ion BBU battery and restored write-back caching.,Kavita Rao,2026-08-16 17:51:00,2026-08-16 22:06:00
INC0010322,AudioCodes SBC rejecting incoming calls with SIP 403 Forbidden on poly-studio-x50-22,Branch office outbound dialing failing across EMEA sites.,2 - High,Resolved,Telephony & Collaboration,VoIP & Video Conferencing,Unified Communications,poly-studio-x50-22,Renewed expired TLS certificate on SIP trunk signaling interface.,Nina Petrova,2026-08-16 22:29:00,2026-08-17 01:08:00
INC0010323,"Fraud detection engine latency exceeding 1,200ms per transaction on taxjar-calc-service-23",Machine learning scoring model queue backed up causing checkout timeout errors.,2 - High,Resolved,E-Commerce & Payments,Payment Gateways & Billing,Payment Platform Engineering,taxjar-calc-service-23,Scaled SageMaker inference endpoint instances from 2 to 6 and enabled asynchronous scoring.,Kavita Rao,2026-08-17 00:26:00,2026-08-17 02:03:00
INC0010324,CrowdStrike Falcon sensor high CPU usage (100%) on developer MacBooks on horizon-desktop-vm-24,Developers experiencing severe compile slowdowns during Xcode and Gradle builds.,3 - Moderate,Resolved,End-User Computing,VDI & Desktop Support,Service Desk Tier 2,horizon-desktop-vm-24,Configured sensor exclusion policy for local build target and node_modules directories.,Vikram Patel,2026-08-16 16:03:00,2026-08-16 21:46:00
INC0010325,High packet drop rate on gateway interface for paloalto-fw-25,CRC alignment errors and buffer overruns detected on interface gigabitethernet0/0/1.,2 - High,Resolved,Network,VPN & Remote Access,Network Support Tier 2,paloalto-fw-25,Replaced faulty SFP+ 10G optical transceiver module and cleaned LC fiber patch connector.,Sarah Jenkins,2026-08-16 11:45:00,2026-08-16 16:24:00
INC0010326,Oracle ERP batch job reconciliation query timeout on pg-primary-prod-26,End-of-month financial settlement batch process hung exceeding 4-hour SLA.,2 - High,Resolved,Database,Relational & NoSQL,Database Administrators (DBA),pg-primary-prod-26,Gathered fresh table statistics on GL_LEDGER and rebuilt fragmented partitioned index.,Chloe Bennett,2026-08-16 13:17:00,2026-08-16 17:22:00
INC0010327,Kubernetes worker nodes DiskPressure condition causing pod evictions on gke-workloads-27,Ephemeral root volume /var/lib/docker reached 92% capacity on multiple worker instances.,2 - High,Resolved,Cloud Platform,Kubernetes & Containers,SRE & Cloud Platform,gke-workloads-27,Tuned kubelet image garbage collection threshold to 80% and pruned dangling build artifacts.,Emily Watson,2026-08-16 10:58:00,2026-08-16 13:06:00
INC0010328,Jira bi-directional Integration Hub webhook failing with 401 Unauthorized on snow-mid-prod-28,Incidents created in ServiceNow failing to synchronize with engineering Jira backlog.,3 - Moderate,Resolved,Enterprise Apps,ServiceNow & Integrations,ServiceNow Platform Admins,snow-mid-prod-28,Regenerated expired Jira REST API service token and updated connection alias credentials.,Chloe Bennett,2026-08-16 21:03:00,2026-08-17 00:40:00
INC0010329,Critical vulnerability CVE-2026-4428 detected in OpenSSL base image on cert-checkout-29,Prisma Cloud vulnerability scanner flagged high-severity CVSS 9.8 remote execution risk.,2 - High,Resolved,Security,Certificates & SOC,InfoSec & Security Operations,cert-checkout-29,Updated Docker base image to alpine:3.20.2 containing patched OpenSSL 3.3.1-r1 and redeployed.,Alex Mercer,2026-08-16 20:05:00,2026-08-16 23:31:00
INC0010330,Exchange Online outbound email delivery delayed by 45 minutes on shared-mbx-ap-30,Organization-wide delays delivering emails to external business partner domains.,2 - High,Resolved,Enterprise Apps,Email & Office 365,Workplace IT & Collaboration,shared-mbx-ap-30,Microsoft tenant advisory EX683921 resolved; outbound routing connectors flushed backlogged queues.,Sandra Martinez,2026-08-16 11:53:00,2026-08-16 17:40:00
INC0010331,NFS shared export /mnt/shared mounted read-only on worker servers for aws-backup-vault-01,Batch processing workers failing with [Errno 30] Read-only file system.,2 - High,Resolved,Infrastructure,Storage & Backups,Systems Engineering,aws-backup-vault-01,"Cleared NetApp storage controller failover lock and remounted NFS exports with rw,hard options.",Mia Wallace,2026-08-16 09:18:00,2026-08-16 13:34:00
INC0010332,JFrog Artifactory Docker registry returning 500 Internal Server Error on jfrog-artifactory-02,Kubernetes deployments unable to pull container images during release window.,1 - Critical,Resolved,DevOps & CI/CD,Build & Deployment Pipelines,DevOps & Release Engineering,jfrog-artifactory-02,Resolved disk space pressure on /var/opt/jfrog/artifactory/data and restarted PostgreSQL backend.,David Chen,2026-08-16 22:39:00,2026-08-16 22:56:00
INC0010333,Dell PowerEdge dual PSU fault - Redundancy lost on apc-ups-rack-03,iDRAC hardware monitor reported Power Supply 2 lost AC input power in Datacenter Row C.,2 - High,Resolved,Hardware & Datacenter,Servers & Environmental,Datacenter Operations,apc-ups-rack-03,Replaced faulty 1400W hot-swap power supply module and restored dual power feed.,Ahmed Hassan,2026-08-17 14:53:00,2026-08-17 16:24:00
INC0010334,Cisco CallManager CDR billing export file transmission failed on poly-studio-x50-04,Telecom accounting report missing daily call detail records.,4 - Low,Resolved,Telephony & Collaboration,VoIP & Video Conferencing,Unified Communications,poly-studio-x50-04,Fixed SFTP destination server firewall rule and re-sent backlogged CDR files.,Alex Mercer,2026-08-17 21:07:00,2026-08-17 23:49:00
INC0010335,Nightly payment settlement reconciliation file transmission delayed on stripe-webhook-handler-05,Banking partner automated SFTP transfer failed with host key verification error.,2 - High,Resolved,E-Commerce & Payments,Payment Gateways & Billing,Payment Platform Engineering,stripe-webhook-handler-05,Updated banking SFTP server public host key in known_hosts file and re-triggered batch job.,Fatima Al-Mansoor,2026-08-17 09:15:00,2026-08-17 13:04:00
INC0010336,CrowdStrike Falcon sensor high CPU usage (100%) on developer MacBooks on bitlocker-tpm-06,Developers experiencing severe compile slowdowns during Xcode and Gradle builds.,3 - Moderate,Resolved,End-User Computing,VDI & Desktop Support,Service Desk Tier 2,bitlocker-tpm-06,Configured sensor exclusion policy for local build target and node_modules directories.,Lucas Silva,2026-08-17 10:07:00,2026-08-17 14:37:00
INC0010337,BGP route flapping on secondary IPsec link to AWS us-east-1,Route instability causing latency spikes between on-prem core router and vpn-gw-emea-07.,2 - High,Resolved,Network,VPN & Remote Access,Network Support Tier 2,vpn-gw-emea-07,Adjusted BGP hold-time timer to 90s and engaged ISP to clear transit fiber congestion.,Alex Mercer,2026-08-18 04:32:00,2026-08-18 09:41:00
INC0010338,Deadlock detected on orders inventory table in oracle-erp-db-08,High-concurrency updates during promotional campaign resulting in transaction rollbacks.,2 - High,Resolved,Database,Relational & NoSQL,Database Administrators (DBA),oracle-erp-db-08,Enforced consistent transaction lock ordering in inventory decrement service and created composite index.,Daniel Craig,2026-08-17 21:00:00,2026-08-18 02:29:00
INC0010339,Kubernetes worker nodes DiskPressure condition causing pod evictions on aks-core-09,Ephemeral root volume /var/lib/docker reached 92% capacity on multiple worker instances.,2 - High,Resolved,Cloud Platform,Kubernetes & Containers,SRE & Cloud Platform,aks-core-09,Tuned kubelet image garbage collection threshold to 80% and pruned dangling build artifacts.,Oliver Queen,2026-08-17 21:11:00,2026-08-18 03:06:00
INC0010340,ServiceNow MID Server down - LDAP discovery and orchestration stopped on snow-agent-10,Production MID server host unreachable; Active Directory scheduled sync failed.,1 - Critical,Resolved,Enterprise Apps,ServiceNow & Integrations,ServiceNow Platform Admins,snow-agent-10,Renewed expired mutual TLS client certificate in wrapper-override.conf and restarted MID daemon.,Ahmed Hassan,2026-08-17 19:04:00,2026-08-17 23:48:00
INC0010341,Privileged IAM Access Key inactive for 90 days flagged by AWS Security Hub on crowdstrike-agent-11,Compliance audit policy violation for unrotated programmatic access keys.,4 - Low,Resolved,Security,Certificates & SOC,InfoSec & Security Operations,crowdstrike-agent-11,Deactivated and deleted stale IAM programmatic access key; confirmed service role migration.,Vikram Patel,2026-08-18 01:01:00,2026-08-18 04:35:00
INC0010342,Exchange Online outbound email delivery delayed by 45 minutes on teams-routing-12,Organization-wide delays delivering emails to external business partner domains.,2 - High,Resolved,Enterprise Apps,Email & Office 365,Workplace IT & Collaboration,teams-routing-12,Microsoft tenant advisory EX683921 resolved; outbound routing connectors flushed backlogged queues.,Daniel Craig,2026-08-17 19:16:00,2026-08-17 19:39:00
INC0010343,Automated daily snapshot backup failed for RDS database on nfs-storage-cluster-13,AWS Backup job returned status FAILED with AccessDenied on KMS encryption key.,2 - High,Resolved,Infrastructure,Storage & Backups,Systems Engineering,nfs-storage-cluster-13,Updated KMS key policy statement granting DescribeKey permissions to AWSBackupDefaultServiceRole.,Fatima Al-Mansoor,2026-08-17 15:46:00,2026-08-17 21:37:00
INC0010344,CI/CD build queue congestion - 60 jobs waiting for available runner on argocd-server-14,Developer pull request validation builds stalled due to runner exhaustion.,2 - High,Resolved,DevOps & CI/CD,Build & Deployment Pipelines,DevOps & Release Engineering,argocd-server-14,Scaled autoscaling GitLab runner instance group from 5 to 25 worker nodes.,Priya Sharma,2026-08-18 07:48:00,2026-08-18 10:53:00
INC0010345,Dell PowerEdge dual PSU fault - Redundancy lost on apc-ups-rack-15,iDRAC hardware monitor reported Power Supply 2 lost AC input power in Datacenter Row C.,2 - High,Resolved,Hardware & Datacenter,Servers & Environmental,Datacenter Operations,apc-ups-rack-15,Replaced faulty 1400W hot-swap power supply module and restored dual power feed.,Robert Sterling,2026-08-18 01:21:00,2026-08-18 07:05:00
INC0010346,Poly Studio conference bar microphone array audio clipping on audiocodes-sbc-16,Participants on remote end reporting muffled speech during team standups.,3 - Moderate,Resolved,Telephony & Collaboration,VoIP & Video Conferencing,Unified Communications,audiocodes-sbc-16,Upgraded Polycom device firmware to v4.1.2 and calibrated beamforming acoustic fence.,David Chen,2026-08-18 04:11:00,2026-08-18 05:35:00
INC0010347,"Fraud detection engine latency exceeding 1,200ms per transaction on stripe-webhook-handler-17",Machine learning scoring model queue backed up causing checkout timeout errors.,2 - High,Resolved,E-Commerce & Payments,Payment Gateways & Billing,Payment Platform Engineering,stripe-webhook-handler-17,Scaled SageMaker inference endpoint instances from 2 to 6 and enabled asynchronous scoring.,Kavita Rao,2026-08-17 17:12:00,2026-08-17 17:49:00
INC0010348,Citrix Virtual Apps session freeze on launching Epic EHR on jamf-mac-mgmt-18,Clinical staff unable to open medical records application during shift changeover.,1 - Critical,Resolved,End-User Computing,VDI & Desktop Support,Service Desk Tier 2,jamf-mac-mgmt-18,Cleared disconnected orphaned ICA sessions and restarted Citrix Virtual Delivery Agent service.,Ahmed Hassan,2026-08-17 17:32:00,2026-08-17 21:10:00
INC0010349,VPN split-tunneling policy failing to route internal corporate subnet,Engineers on MacOS client cannot reach internal RFC1918 subnets while connected to vpn-gw-us-19.,3 - Moderate,Resolved,Network,VPN & Remote Access,Network Support Tier 2,vpn-gw-us-19,Pushed updated split-tunnel routing table rule to GlobalProtect portal configuration.,Kavita Rao,2026-08-17 09:48:00,2026-08-17 15:34:00
INC0010350,Oracle ERP batch job reconciliation query timeout on oracle-erp-db-20,End-of-month financial settlement batch process hung exceeding 4-hour SLA.,2 - High,Resolved,Database,Relational & NoSQL,Database Administrators (DBA),oracle-erp-db-20,Gathered fresh table statistics on GL_LEDGER and rebuilt fragmented partitioned index.,Sandra Martinez,2026-08-17 09:55:00,2026-08-17 15:45:00
INC0010351,Ingress-nginx controller 504 Gateway Timeout on k8s-prod-us-21,Stripe webhook requests timing out at ingress proxy; upstream billing pods saturated.,2 - High,Resolved,Cloud Platform,Kubernetes & Containers,SRE & Cloud Platform,k8s-prod-us-21,Scaled billing-worker horizontal pod autoscaler from 3 to 12 replicas and increased proxy-read-timeout to 60s.,Liam O'Connor,2026-08-17 19:27:00,2026-08-17 23:06:00
INC0010352,ServiceNow Flow Designer execution timeout on Employee Offboarding workflow on snow-dev-instance-22,Automated offboarding run queue stuck waiting on REST step response.,2 - High,Resolved,Enterprise Apps,ServiceNow & Integrations,ServiceNow Platform Admins,snow-dev-instance-22,Added 30s timeout and retry policy on external Okta de-provisioning REST step.,Mia Wallace,2026-08-17 18:11:00,2026-08-17 22:40:00
INC0010353,WAF Rate Limit rule triggered by rogue botnet targeting auth endpoint on waf-cloudflare-23,"Over 12,000 login requests/min detected from distributed residential proxies.",2 - High,Resolved,Security,Certificates & SOC,InfoSec & Security Operations,waf-cloudflare-23,Configured Cloudflare WAF Managed Challenge rule and throttled suspect IP ASNs.,Liam O'Connor,2026-08-18 00:17:00,2026-08-18 01:14:00
INC0010354,SharePoint Online sync client error 0x8004de40 for engineering document library on o365-exchange-tenant-24,Design engineers unable to sync CAD drawings from cloud SharePoint site.,3 - Moderate,Resolved,Enterprise Apps,Email & Office 365,Workplace IT & Collaboration,o365-exchange-tenant-24,Reset OneDrive/SharePoint sync client registry keys and re-authenticated user profile.,Ahmed Hassan,2026-08-18 21:38:00,2026-08-18 23:25:00
INC0010355,Storage volume /data disk utilization reached 96% on nfs-storage-cluster-25,Application logs and temp files filling up root partition threatening server crash.,2 - High,Resolved,Infrastructure,Storage & Backups,Systems Engineering,nfs-storage-cluster-25,Expanded EBS volume size from 250GB to 600GB online using growpart and xfs_growfs.,Oliver Queen,2026-08-18 11:05:00,2026-08-18 14:07:00
INC0010356,SonarQube static analysis gateway timeout blocking pull request merge on sonarqube-server-26,Quality gate analysis failing with HTTP 504 on large repository pull requests.,3 - Moderate,Resolved,DevOps & CI/CD,Build & Deployment Pipelines,DevOps & Release Engineering,sonarqube-server-26,Increased SonarQube compute engine worker threads and tuned heap memory allocation.,Robert Sterling,2026-08-18 22:38:00,2026-08-19 02:31:00
INC0010357,Server rack thermal threshold warning (88°F) in Datacenter Row apc-ups-rack-27,CRAC unit 4 airflow baffle stuck causing localized hot spot.,2 - High,Resolved,Hardware & Datacenter,Servers & Environmental,Datacenter Operations,apc-ups-rack-27,Facilities team repaired motorized damper on CRAC unit; row temperature returned to 68°F.,Lucas Silva,2026-08-18 22:02:00,2026-08-19 01:17:00
INC0010358,Poly Studio conference bar microphone array audio clipping on genesys-contact-center-28,Participants on remote end reporting muffled speech during team standups.,3 - Moderate,Resolved,Telephony & Collaboration,VoIP & Video Conferencing,Unified Communications,genesys-contact-center-28,Upgraded Polycom device firmware to v4.1.2 and calibrated beamforming acoustic fence.,David Chen,2026-08-19 04:50:00,2026-08-19 05:34:00
INC0010359,"Fraud detection engine latency exceeding 1,200ms per transaction on settlement-worker-29",Machine learning scoring model queue backed up causing checkout timeout errors.,2 - High,Resolved,E-Commerce & Payments,Payment Gateways & Billing,Payment Platform Engineering,settlement-worker-29,Scaled SageMaker inference endpoint instances from 2 to 6 and enabled asynchronous scoring.,Elena Rostova,2026-08-19 00:51:00,2026-08-19 02:27:00
INC0010360,VMware Horizon VDI desktop pool exhausted for offshore contractor team on crowdstrike-sensor-30,Contractors receiving 'No desktop sources available' error upon login.,2 - High,Resolved,End-User Computing,VDI & Desktop Support,Service Desk Tier 2,crowdstrike-sensor-30,Expanded Horizon instant-clone pool capacity from 150 to 250 virtual desktops.,Marcus Vance,2026-08-19 05:50:00,2026-08-19 09:49:00
INC0010361,Unable to authenticate to Cisco AnyConnect VPN via Okta MFA,Users receiving timeout error waiting for Okta Push notification on vpn-gw-emea-01.,1 - Critical,Resolved,Network,VPN & Remote Access,Network Support Tier 2,vpn-gw-emea-01,Restarted stuck Okta RADIUS agent daemon on proxy host and flushed session cache.,Daniel Craig,2026-08-18 15:49:00,2026-08-18 21:34:00
INC0010362,Oracle ERP batch job reconciliation query timeout on mongo-analytics-02,End-of-month financial settlement batch process hung exceeding 4-hour SLA.,2 - High,Resolved,Database,Relational & NoSQL,Database Administrators (DBA),mongo-analytics-02,Gathered fresh table statistics on GL_LEDGER and rebuilt fragmented partitioned index.,Priya Sharma,2026-08-19 02:02:00,2026-08-19 07:26:00
INC0010363,CoreDNS pods CPU throttling causing internal DNS resolution latency on eks-cluster-03,Cluster-wide microservice inter-communication degraded due to DNS timeouts.,1 - Critical,Resolved,Cloud Platform,Kubernetes & Containers,SRE & Cloud Platform,eks-cluster-03,Deployed NodeLocal DNSCache DaemonSet and increased CoreDNS replica count from 2 to 6.,Sophie Dubois,2026-08-18 19:28:00,2026-08-18 20:22:00
INC0010364,Single Sign-On (SSO) SAML assertion signature verification failure on snow-agent-04,Users in Operations and Finance receiving SAML signature validation errors on login page.,1 - Critical,Resolved,Enterprise Apps,ServiceNow & Integrations,ServiceNow Platform Admins,snow-agent-04,Imported updated Azure AD IdP Federation Metadata XML certificate into Multi-Provider SSO configuration.,Fatima Al-Mansoor,2026-08-18 19:25:00,2026-08-18 22:20:00
INC0010365,Critical vulnerability CVE-2026-4428 detected in OpenSSL base image on cert-checkout-05,Prisma Cloud vulnerability scanner flagged high-severity CVSS 9.8 remote execution risk.,2 - High,Resolved,Security,Certificates & SOC,InfoSec & Security Operations,cert-checkout-05,Updated Docker base image to alpine:3.20.2 containing patched OpenSSL 3.3.1-r1 and redeployed.,Vikram Patel,2026-08-18 11:01:00,2026-08-18 12:51:00
INC0010366,Microsoft Teams Direct Routing audio stutter and call drops on teams-routing-06,Voice calls terminating prematurely across regional branch offices.,2 - High,Resolved,Enterprise Apps,Email & Office 365,Workplace IT & Collaboration,teams-routing-06,Upgraded Session Border Controller (SBC) firmware and adjusted jitter buffer settings.,Nina Petrova,2026-08-19 01:07:00,2026-08-19 03:36:00
INC0010367,Storage volume /data disk utilization reached 96% on veeam-backup-srv-07,Application logs and temp files filling up root partition threatening server crash.,2 - High,Resolved,Infrastructure,Storage & Backups,Systems Engineering,veeam-backup-srv-07,Expanded EBS volume size from 250GB to 600GB online using growpart and xfs_growfs.,Mia Wallace,2026-08-18 14:39:00,2026-08-18 17:20:00
INC0010368,Terraform remote state lock stuck on DynamoDB table for github-actions-runner-08,Automated infrastructure provisioning pipeline blocked by orphan lock.,3 - Moderate,Resolved,DevOps & CI/CD,Build & Deployment Pipelines,DevOps & Release Engineering,github-actions-runner-08,Force-unlocked Terraform state using terraform force-unlock after verifying no active runs.,Emily Watson,2026-08-18 11:08:00,2026-08-18 12:00:00
INC0010369,Cisco Nexus core switch fan module failure on pdu-b-feed-09,Chassis temperature alarm triggered; fan tray 3 operating at 0 RPM.,2 - High,Resolved,Hardware & Datacenter,Servers & Environmental,Datacenter Operations,pdu-b-feed-09,Dispatched on-site technician to hot-swap replacement fan module; chassis temp normalized.,Oliver Queen,2026-08-18 10:51:00,2026-08-18 13:49:00
INC0010370,AudioCodes SBC rejecting incoming calls with SIP 403 Forbidden on zoom-room-boardroom-10,Branch office outbound dialing failing across EMEA sites.,2 - High,Resolved,Telephony & Collaboration,VoIP & Video Conferencing,Unified Communications,zoom-room-boardroom-10,Renewed expired TLS certificate on SIP trunk signaling interface.,Thomas Brown,2026-08-19 01:34:00,2026-08-19 04:17:00
INC0010371,PayPal checkout API returning 500 Internal Error on paypal-gateway-api-11,International shoppers unable to complete PayPal express checkout.,1 - Critical,Resolved,E-Commerce & Payments,Payment Gateways & Billing,Payment Platform Engineering,paypal-gateway-api-11,Updated PayPal SDK client authentication headers following upstream API deprecation.,Sarah Jenkins,2026-08-18 19:32:00,2026-08-18 21:41:00
INC0010372,VMware Horizon VDI desktop pool exhausted for offshore contractor team on horizon-desktop-vm-12,Contractors receiving 'No desktop sources available' error upon login.,2 - High,Resolved,End-User Computing,VDI & Desktop Support,Service Desk Tier 2,horizon-desktop-vm-12,Expanded Horizon instant-clone pool capacity from 150 to 250 virtual desktops.,Elena Rostova,2026-08-18 15:50:00,2026-08-18 20:17:00
INC0010373,High packet drop rate on gateway interface for paloalto-fw-13,CRC alignment errors and buffer overruns detected on interface gigabitethernet0/0/1.,2 - High,Resolved,Network,VPN & Remote Access,Network Support Tier 2,paloalto-fw-13,Replaced faulty SFP+ 10G optical transceiver module and cleaned LC fiber patch connector.,Ahmed Hassan,2026-08-19 02:23:00,2026-08-19 06:37:00
INC0010374,Deadlock detected on orders inventory table in redis-cluster-14,High-concurrency updates during promotional campaign resulting in transaction rollbacks.,2 - High,Resolved,Database,Relational & NoSQL,Database Administrators (DBA),redis-cluster-14,Enforced consistent transaction lock ordering in inventory decrement service and created composite index.,Rachel Green,2026-08-18 10:04:00,2026-08-18 12:57:00
INC0010375,CoreDNS pods CPU throttling causing internal DNS resolution latency on aks-core-15,Cluster-wide microservice inter-communication degraded due to DNS timeouts.,1 - Critical,Resolved,Cloud Platform,Kubernetes & Containers,SRE & Cloud Platform,aks-core-15,Deployed NodeLocal DNSCache DaemonSet and increased CoreDNS replica count from 2 to 6.,Sophie Dubois,2026-08-19 21:49:00,2026-08-20 01:33:00
INC0010376,ServiceNow MID Server down - LDAP discovery and orchestration stopped on snow-jira-hub-16,Production MID server host unreachable; Active Directory scheduled sync failed.,1 - Critical,Resolved,Enterprise Apps,ServiceNow & Integrations,ServiceNow Platform Admins,snow-jira-hub-16,Renewed expired mutual TLS client certificate in wrapper-override.conf and restarted MID daemon.,Emily Watson,2026-08-19 18:41:00,2026-08-19 19:33:00
INC0010377,WAF Rate Limit rule triggered by rogue botnet targeting auth endpoint on crowdstrike-agent-17,"Over 12,000 login requests/min detected from distributed residential proxies.",2 - High,Resolved,Security,Certificates & SOC,InfoSec & Security Operations,crowdstrike-agent-17,Configured Cloudflare WAF Managed Challenge rule and throttled suspect IP ASNs.,Fatima Al-Mansoor,2026-08-19 19:08:00,2026-08-20 00:05:00
INC0010378,Microsoft Teams Direct Routing audio stutter and call drops on m365-outlook-client-18,Voice calls terminating prematurely across regional branch offices.,2 - High,Resolved,Enterprise Apps,Email & Office 365,Workplace IT & Collaboration,m365-outlook-client-18,Upgraded Session Border Controller (SBC) firmware and adjusted jitter buffer settings.,Marcus Vance,2026-08-19 12:27:00,2026-08-19 16:59:00
INC0010379,Automated daily snapshot backup failed for RDS database on s3-bucket-archive-19,AWS Backup job returned status FAILED with AccessDenied on KMS encryption key.,2 - High,Resolved,Infrastructure,Storage & Backups,Systems Engineering,s3-bucket-archive-19,Updated KMS key policy statement granting DescribeKey permissions to AWSBackupDefaultServiceRole.,Robert Sterling,2026-08-19 12:19:00,2026-08-19 13:58:00
INC0010380,SonarQube static analysis gateway timeout blocking pull request merge on github-actions-runner-20,Quality gate analysis failing with HTTP 504 on large repository pull requests.,3 - Moderate,Resolved,DevOps & CI/CD,Build & Deployment Pipelines,DevOps & Release Engineering,github-actions-runner-20,Increased SonarQube compute engine worker threads and tuned heap memory allocation.,David Chen,2026-08-19 19:33:00,2026-08-19 22:13:00
INC0010381,APC Smart-UPS battery replacement warning in Rack cisco-nexus-core-21,UPS self-test failed; battery age exceeded 36-month operational threshold.,3 - Moderate,Resolved,Hardware & Datacenter,Servers & Environmental,Datacenter Operations,cisco-nexus-core-21,Scheduled maintenance window and replaced modular battery cartridge pack.,Priya Sharma,2026-08-20 04:35:00,2026-08-20 07:10:00
INC0010382,AudioCodes SBC rejecting incoming calls with SIP 403 Forbidden on poly-studio-x50-22,Branch office outbound dialing failing across EMEA sites.,2 - High,Resolved,Telephony & Collaboration,VoIP & Video Conferencing,Unified Communications,poly-studio-x50-22,Renewed expired TLS certificate on SIP trunk signaling interface.,Fatima Al-Mansoor,2026-08-20 01:05:00,2026-08-20 05:37:00
INC0010383,PayPal checkout API returning 500 Internal Error on taxjar-calc-service-23,International shoppers unable to complete PayPal express checkout.,1 - Critical,Resolved,E-Commerce & Payments,Payment Gateways & Billing,Payment Platform Engineering,taxjar-calc-service-23,Updated PayPal SDK client authentication headers following upstream API deprecation.,Oliver Queen,2026-08-20 02:09:00,2026-08-20 03:51:00
INC0010384,CrowdStrike Falcon sensor high CPU usage (100%) on developer MacBooks on crowdstrike-sensor-24,Developers experiencing severe compile slowdowns during Xcode and Gradle builds.,3 - Moderate,Resolved,End-User Computing,VDI & Desktop Support,Service Desk Tier 2,crowdstrike-sensor-24,Configured sensor exclusion policy for local build target and node_modules directories.,Marcus Vance,2026-08-19 18:53:00,2026-08-19 23:56:00
INC0010385,GlobalProtect VPN tunnel drops intermittently during video calls,Remote workers reporting packet loss and session teardowns on gateway vpn-gw-emea-25.,2 - High,Resolved,Network,VPN & Remote Access,Network Support Tier 2,vpn-gw-emea-25,Increased IPSec Dead Peer Detection (DPD) timeout from 30s to 120s and tuned MTU size to 1350.,Lisa Ray,2026-08-19 09:41:00,2026-08-19 14:51:00
INC0010386,Deadlock detected on orders inventory table in redis-cluster-26,High-concurrency updates during promotional campaign resulting in transaction rollbacks.,2 - High,Resolved,Database,Relational & NoSQL,Database Administrators (DBA),redis-cluster-26,Enforced consistent transaction lock ordering in inventory decrement service and created composite index.,Elena Rostova,2026-08-19 21:39:00,2026-08-20 03:21:00
INC0010387,CoreDNS pods CPU throttling causing internal DNS resolution latency on aks-core-27,Cluster-wide microservice inter-communication degraded due to DNS timeouts.,1 - Critical,Resolved,Cloud Platform,Kubernetes & Containers,SRE & Cloud Platform,aks-core-27,Deployed NodeLocal DNSCache DaemonSet and increased CoreDNS replica count from 2 to 6.,Vikram Patel,2026-08-19 17:41:00,2026-08-19 20:30:00
INC0010388,Single Sign-On (SSO) SAML assertion signature verification failure on snow-dev-instance-28,Users in Operations and Finance receiving SAML signature validation errors on login page.,1 - Critical,Resolved,Enterprise Apps,ServiceNow & Integrations,ServiceNow Platform Admins,snow-dev-instance-28,Imported updated Azure AD IdP Federation Metadata XML certificate into Multi-Provider SSO configuration.,Mia Wallace,2026-08-19 17:29:00,2026-08-19 18:21:00
INC0010389,SSL/TLS certificate expired for customer endpoint cert-checkout-29,Web clients receiving NET::ERR_CERT_DATE_INVALID security warnings upon checkout.,1 - Critical,Resolved,Security,Certificates & SOC,InfoSec & Security Operations,cert-checkout-29,"Re-issued DigiCert wildcard SSL certificate, bound to ALB listener and CloudFront distribution.",Emily Watson,2026-08-19 22:26:00,2026-08-20 02:48:00
INC0010390,Outlook desktop client repeatedly prompting for user credentials on shared-mbx-ap-30,Finance users unable to sync inbox due to recurring Modern Auth dialog loop.,3 - Moderate,Resolved,Enterprise Apps,Email & Office 365,Workplace IT & Collaboration,shared-mbx-ap-30,Cleared corrupted Windows Credential Manager cached tokens and refreshed Azure AD device PRT.,Mia Wallace,2026-08-20 03:09:00,2026-08-20 06:04:00
INC0010391,Storage volume /data disk utilization reached 96% on nfs-storage-cluster-01,Application logs and temp files filling up root partition threatening server crash.,2 - High,Resolved,Infrastructure,Storage & Backups,Systems Engineering,nfs-storage-cluster-01,Expanded EBS volume size from 250GB to 600GB online using growpart and xfs_growfs.,Chloe Bennett,2026-08-19 20:08:00,2026-08-19 23:32:00
INC0010392,GitHub Actions self-hosted runner offline after OS automatic patching on gitlab-runner-pool-02,Scheduled nightly performance testing pipeline failed to launch.,3 - Moderate,Resolved,DevOps & CI/CD,Build & Deployment Pipelines,DevOps & Release Engineering,gitlab-runner-pool-02,Restarted actions.runner service and configured systemd automatic start on boot.,Sarah Jenkins,2026-08-19 18:15:00,2026-08-19 22:28:00
INC0010393,APC Smart-UPS battery replacement warning in Rack pdu-b-feed-03,UPS self-test failed; battery age exceeded 36-month operational threshold.,3 - Moderate,Resolved,Hardware & Datacenter,Servers & Environmental,Datacenter Operations,pdu-b-feed-03,Scheduled maintenance window and replaced modular battery cartridge pack.,Marcus Vance,2026-08-19 15:09:00,2026-08-19 16:13:00
INC0010394,AudioCodes SBC rejecting incoming calls with SIP 403 Forbidden on audiocodes-sbc-04,Branch office outbound dialing failing across EMEA sites.,2 - High,Resolved,Telephony & Collaboration,VoIP & Video Conferencing,Unified Communications,audiocodes-sbc-04,Renewed expired TLS certificate on SIP trunk signaling interface.,Robert Sterling,2026-08-20 03:26:00,2026-08-20 05:48:00
INC0010395,Nightly payment settlement reconciliation file transmission delayed on taxjar-calc-service-05,Banking partner automated SFTP transfer failed with host key verification error.,2 - High,Resolved,E-Commerce & Payments,Payment Gateways & Billing,Payment Platform Engineering,taxjar-calc-service-05,Updated banking SFTP server public host key in known_hosts file and re-triggered batch job.,Nina Petrova,2026-08-20 07:20:00,2026-08-20 09:12:00
INC0010396,VMware Horizon VDI desktop pool exhausted for offshore contractor team on bitlocker-tpm-06,Contractors receiving 'No desktop sources available' error upon login.,2 - High,Resolved,End-User Computing,VDI & Desktop Support,Service Desk Tier 2,bitlocker-tpm-06,Expanded Horizon instant-clone pool capacity from 150 to 250 virtual desktops.,Thomas Brown,2026-08-21 00:29:00,2026-08-21 04:59:00
INC0010397,VPN split-tunneling policy failing to route internal corporate subnet,Engineers on MacOS client cannot reach internal RFC1918 subnets while connected to vpn-gw-emea-07.,3 - Moderate,Resolved,Network,VPN & Remote Access,Network Support Tier 2,vpn-gw-emea-07,Pushed updated split-tunnel routing table rule to GlobalProtect portal configuration.,Emily Watson,2026-08-20 10:25:00,2026-08-20 14:58:00
INC0010398,Deadlock detected on orders inventory table in aurora-mysql-08,High-concurrency updates during promotional campaign resulting in transaction rollbacks.,2 - High,Resolved,Database,Relational & NoSQL,Database Administrators (DBA),aurora-mysql-08,Enforced consistent transaction lock ordering in inventory decrement service and created composite index.,Marcus Vance,2026-08-21 02:22:00,2026-08-21 03:01:00
INC0010399,Ingress-nginx controller 504 Gateway Timeout on gke-workloads-09,Stripe webhook requests timing out at ingress proxy; upstream billing pods saturated.,2 - High,Resolved,Cloud Platform,Kubernetes & Containers,SRE & Cloud Platform,gke-workloads-09,Scaled billing-worker horizontal pod autoscaler from 3 to 12 replicas and increased proxy-read-timeout to 60s.,Oliver Queen,2026-08-21 03:56:00,2026-08-21 09:45:00
INC0010400,ServiceNow Flow Designer execution timeout on Employee Offboarding workflow on snow-spoke-sso-10,Automated offboarding run queue stuck waiting on REST step response.,2 - High,Resolved,Enterprise Apps,ServiceNow & Integrations,ServiceNow Platform Admins,snow-spoke-sso-10,Added 30s timeout and retry policy on external Okta de-provisioning REST step.,James Wilson,2026-08-21 01:00:00,2026-08-21 02:10:00
INC0010401,Multiple failed SSH root brute-force attempts detected on waf-cloudflare-11,"CrowdStrike Falcon alerted on 3,500 failed login attempts within 10 minutes from foreign IP range.",2 - High,Resolved,Security,Certificates & SOC,InfoSec & Security Operations,waf-cloudflare-11,"Blocked source CIDR block in AWS Security Group, enforced bastion MFA, and rotated host SSH keys.",Daniel Craig,2026-08-21 07:23:00,2026-08-21 11:04:00
INC0010402,Exchange Online outbound email delivery delayed by 45 minutes on teams-routing-12,Organization-wide delays delivering emails to external business partner domains.,2 - High,Resolved,Enterprise Apps,Email & Office 365,Workplace IT & Collaboration,teams-routing-12,Microsoft tenant advisory EX683921 resolved; outbound routing connectors flushed backlogged queues.,Kavita Rao,2026-08-20 09:36:00,2026-08-20 14:38:00
INC0010403,Storage volume /data disk utilization reached 96% on s3-bucket-archive-13,Application logs and temp files filling up root partition threatening server crash.,2 - High,Resolved,Infrastructure,Storage & Backups,Systems Engineering,s3-bucket-archive-13,Expanded EBS volume size from 250GB to 600GB online using growpart and xfs_growfs.,Chloe Bennett,2026-08-20 17:04:00,2026-08-20 20:36:00
INC0010404,Terraform remote state lock stuck on DynamoDB table for argocd-server-14,Automated infrastructure provisioning pipeline blocked by orphan lock.,3 - Moderate,Resolved,DevOps & CI/CD,Build & Deployment Pipelines,DevOps & Release Engineering,argocd-server-14,Force-unlocked Terraform state using terraform force-unlock after verifying no active runs.,Oliver Queen,2026-08-20 16:52:00,2026-08-20 22:26:00
INC0010405,RAID controller battery backup unit (BBU) degraded on dell-poweredge-r750-15,PERC controller switched cache mode from write-back to write-through reducing disk I/O.,3 - Moderate,Resolved,Hardware & Datacenter,Servers & Environmental,Datacenter Operations,dell-poweredge-r750-15,Replaced degraded lithium-ion BBU battery and restored write-back caching.,Daniel Craig,2026-08-20 12:06:00,2026-08-20 15:42:00
INC0010406,AudioCodes SBC rejecting incoming calls with SIP 403 Forbidden on poly-studio-x50-16,Branch office outbound dialing failing across EMEA sites.,2 - High,Resolved,Telephony & Collaboration,VoIP & Video Conferencing,Unified Communications,poly-studio-x50-16,Renewed expired TLS certificate on SIP trunk signaling interface.,Kavita Rao,2026-08-20 19:48:00,2026-08-20 21:16:00
INC0010407,Tax calculation service TaxJar rate lookup timeout on taxjar-calc-service-17,Shopping cart checkout displaying $0.00 tax calculation warning.,3 - Moderate,Resolved,E-Commerce & Payments,Payment Gateways & Billing,Payment Platform Engineering,taxjar-calc-service-17,Enabled fallback offline cached tax rate table and increased upstream API timeout to 5s.,Marcus Vance,2026-08-20 20:32:00,2026-08-20 21:07:00
INC0010408,Citrix Virtual Apps session freeze on launching Epic EHR on horizon-desktop-vm-18,Clinical staff unable to open medical records application during shift changeover.,1 - Critical,Resolved,End-User Computing,VDI & Desktop Support,Service Desk Tier 2,horizon-desktop-vm-18,Cleared disconnected orphaned ICA sessions and restarted Citrix Virtual Delivery Agent service.,Chloe Bennett,2026-08-21 06:21:00,2026-08-21 10:38:00
INC0010409,VPN split-tunneling policy failing to route internal corporate subnet,Engineers on MacOS client cannot reach internal RFC1918 subnets while connected to vpn-gw-apac-19.,3 - Moderate,Resolved,Network,VPN & Remote Access,Network Support Tier 2,vpn-gw-apac-19,Pushed updated split-tunnel routing table rule to GlobalProtect portal configuration.,Priya Sharma,2026-08-21 03:57:00,2026-08-21 08:35:00
INC0010410,Oracle ERP batch job reconciliation query timeout on redis-cluster-20,End-of-month financial settlement batch process hung exceeding 4-hour SLA.,2 - High,Resolved,Database,Relational & NoSQL,Database Administrators (DBA),redis-cluster-20,Gathered fresh table statistics on GL_LEDGER and rebuilt fragmented partitioned index.,Lucas Silva,2026-08-20 18:10:00,2026-08-20 21:46:00
INC0010411,Ingress-nginx controller 504 Gateway Timeout on aks-core-21,Stripe webhook requests timing out at ingress proxy; upstream billing pods saturated.,2 - High,Resolved,Cloud Platform,Kubernetes & Containers,SRE & Cloud Platform,aks-core-21,Scaled billing-worker horizontal pod autoscaler from 3 to 12 replicas and increased proxy-read-timeout to 60s.,Ahmed Hassan,2026-08-20 18:32:00,2026-08-20 23:07:00
INC0010412,ServiceNow Flow Designer execution timeout on Employee Offboarding workflow on snow-agent-22,Automated offboarding run queue stuck waiting on REST step response.,2 - High,Resolved,Enterprise Apps,ServiceNow & Integrations,ServiceNow Platform Admins,snow-agent-22,Added 30s timeout and retry policy on external Okta de-provisioning REST step.,Daniel Craig,2026-08-20 17:30:00,2026-08-20 17:53:00
INC0010413,Critical vulnerability CVE-2026-4428 detected in OpenSSL base image on cert-api-prod-23,Prisma Cloud vulnerability scanner flagged high-severity CVSS 9.8 remote execution risk.,2 - High,Resolved,Security,Certificates & SOC,InfoSec & Security Operations,cert-api-prod-23,Updated Docker base image to alpine:3.20.2 containing patched OpenSSL 3.3.1-r1 and redeployed.,Liam O'Connor,2026-08-20 21:37:00,2026-08-21 00:29:00
INC0010414,Exchange Online outbound email delivery delayed by 45 minutes on sharepoint-online-24,Organization-wide delays delivering emails to external business partner domains.,2 - High,Resolved,Enterprise Apps,Email & Office 365,Workplace IT & Collaboration,sharepoint-online-24,Microsoft tenant advisory EX683921 resolved; outbound routing connectors flushed backlogged queues.,Nina Petrova,2026-08-20 23:16:00,2026-08-21 05:06:00
INC0010415,S3 lifecycle transition rule failing to move objects to Glacier on s3-bucket-archive-25,Old audit logs not archiving leading to unexpected monthly cloud storage bill increase.,4 - Low,Resolved,Infrastructure,Storage & Backups,Systems Engineering,s3-bucket-archive-25,Corrected invalid prefix filter in S3 lifecycle policy and verified transition schedule.,Sophie Dubois,2026-08-20 15:46:00,2026-08-20 16:27:00
INC0010416,Terraform remote state lock stuck on DynamoDB table for github-actions-runner-26,Automated infrastructure provisioning pipeline blocked by orphan lock.,3 - Moderate,Resolved,DevOps & CI/CD,Build & Deployment Pipelines,DevOps & Release Engineering,github-actions-runner-26,Force-unlocked Terraform state using terraform force-unlock after verifying no active runs.,Nina Petrova,2026-08-22 00:40:00,2026-08-22 06:12:00
INC0010417,Server rack thermal threshold warning (88°F) in Datacenter Row cisco-nexus-core-27,CRAC unit 4 airflow baffle stuck causing localized hot spot.,2 - High,Resolved,Hardware & Datacenter,Servers & Environmental,Datacenter Operations,cisco-nexus-core-27,Facilities team repaired motorized damper on CRAC unit; row temperature returned to 68°F.,Sophie Dubois,2026-08-22 05:15:00,2026-08-22 05:46:00
INC0010418,Boardroom Zoom Room SIP controller failed to register on cisco-cucm-cluster-28,Executive board meeting unable to dial external conference bridge.,2 - High,Resolved,Telephony & Collaboration,VoIP & Video Conferencing,Unified Communications,cisco-cucm-cluster-28,Updated SIP digest authentication password in Zoom Room admin portal and reconnected device.,James Wilson,2026-08-21 08:28:00,2026-08-21 11:23:00
INC0010419,PayPal checkout API returning 500 Internal Error on fraud-detection-engine-29,International shoppers unable to complete PayPal express checkout.,1 - Critical,Resolved,E-Commerce & Payments,Payment Gateways & Billing,Payment Platform Engineering,fraud-detection-engine-29,Updated PayPal SDK client authentication headers following upstream API deprecation.,Chloe Bennett,2026-08-22 06:13:00,2026-08-22 09:58:00
INC0010420,CrowdStrike Falcon sensor high CPU usage (100%) on developer MacBooks on bitlocker-tpm-30,Developers experiencing severe compile slowdowns during Xcode and Gradle builds.,3 - Moderate,Resolved,End-User Computing,VDI & Desktop Support,Service Desk Tier 2,bitlocker-tpm-30,Configured sensor exclusion policy for local build target and node_modules directories.,Mia Wallace,2026-08-22 07:46:00,2026-08-22 08:32:00
INC0010421,Unable to authenticate to Cisco AnyConnect VPN via Okta MFA,Users receiving timeout error waiting for Okta Push notification on paloalto-fw-01.,1 - Critical,Resolved,Network,VPN & Remote Access,Network Support Tier 2,paloalto-fw-01,Restarted stuck Okta RADIUS agent daemon on proxy host and flushed session cache.,Oliver Queen,2026-08-21 14:35:00,2026-08-21 17:36:00
INC0010422,MongoDB secondary replica node lag exceeding 45 minutes on redis-cluster-02,Large batch cleanup on audit_events collection overwhelmed secondary oplog apply thread.,3 - Moderate,Resolved,Database,Relational & NoSQL,Database Administrators (DBA),redis-cluster-02,Throttled batch deletion worker with sleep interval; replica caught up with oplog within 25 mins.,Emily Watson,2026-08-21 20:20:00,2026-08-21 22:03:00
INC0010423,ArgoCD GitOps deployment sync error for microservice namespace on eks-cluster-03,Out-of-sync CRD definition causing continuous Helm reconciliation failures.,3 - Moderate,Resolved,Cloud Platform,Kubernetes & Containers,SRE & Cloud Platform,eks-cluster-03,Updated CustomResourceDefinition schema version in master repository and triggered hard refresh.,Mia Wallace,2026-08-22 01:22:00,2026-08-22 07:06:00
INC0010424,Jira bi-directional Integration Hub webhook failing with 401 Unauthorized on snow-agent-04,Incidents created in ServiceNow failing to synchronize with engineering Jira backlog.,3 - Moderate,Resolved,Enterprise Apps,ServiceNow & Integrations,ServiceNow Platform Admins,snow-agent-04,Regenerated expired Jira REST API service token and updated connection alias credentials.,Lisa Ray,2026-08-21 23:12:00,2026-08-22 01:33:00
INC0010425,Privileged IAM Access Key inactive for 90 days flagged by AWS Security Hub on waf-cloudflare-05,Compliance audit policy violation for unrotated programmatic access keys.,4 - Low,Resolved,Security,Certificates & SOC,InfoSec & Security Operations,waf-cloudflare-05,Deactivated and deleted stale IAM programmatic access key; confirmed service role migration.,Mia Wallace,2026-08-21 15:19:00,2026-08-21 18:01:00
INC0010426,Outlook desktop client repeatedly prompting for user credentials on teams-routing-06,Finance users unable to sync inbox due to recurring Modern Auth dialog loop.,3 - Moderate,Resolved,Enterprise Apps,Email & Office 365,Workplace IT & Collaboration,teams-routing-06,Cleared corrupted Windows Credential Manager cached tokens and refreshed Azure AD device PRT.,Ahmed Hassan,2026-08-21 18:30:00,2026-08-21 21:43:00
INC0010427,Storage volume /data disk utilization reached 96% on nfs-storage-cluster-07,Application logs and temp files filling up root partition threatening server crash.,2 - High,Resolved,Infrastructure,Storage & Backups,Systems Engineering,nfs-storage-cluster-07,Expanded EBS volume size from 250GB to 600GB online using growpart and xfs_growfs.,Rachel Green,2026-08-21 11:36:00,2026-08-21 16:29:00
INC0010428,Terraform remote state lock stuck on DynamoDB table for sonarqube-server-08,Automated infrastructure provisioning pipeline blocked by orphan lock.,3 - Moderate,Resolved,DevOps & CI/CD,Build & Deployment Pipelines,DevOps & Release Engineering,sonarqube-server-08,Force-unlocked Terraform state using terraform force-unlock after verifying no active runs.,Thomas Brown,2026-08-21 12:18:00,2026-08-21 12:54:00
INC0010429,Dell PowerEdge dual PSU fault - Redundancy lost on apc-ups-rack-09,iDRAC hardware monitor reported Power Supply 2 lost AC input power in Datacenter Row C.,2 - High,Resolved,Hardware & Datacenter,Servers & Environmental,Datacenter Operations,apc-ups-rack-09,Replaced faulty 1400W hot-swap power supply module and restored dual power feed.,Liam O'Connor,2026-08-21 22:41:00,2026-08-22 01:07:00
INC0010430,Poly Studio conference bar microphone array audio clipping on cisco-cucm-cluster-10,Participants on remote end reporting muffled speech during team standups.,3 - Moderate,Resolved,Telephony & Collaboration,VoIP & Video Conferencing,Unified Communications,cisco-cucm-cluster-10,Upgraded Polycom device firmware to v4.1.2 and calibrated beamforming acoustic fence.,Lisa Ray,2026-08-21 14:52:00,2026-08-21 19:42:00
INC0010431,Tax calculation service TaxJar rate lookup timeout on settlement-worker-11,Shopping cart checkout displaying $0.00 tax calculation warning.,3 - Moderate,Resolved,E-Commerce & Payments,Payment Gateways & Billing,Payment Platform Engineering,settlement-worker-11,Enabled fallback offline cached tax rate table and increased upstream API timeout to 5s.,Liam O'Connor,2026-08-21 12:06:00,2026-08-21 17:36:00
INC0010432,CrowdStrike Falcon sensor high CPU usage (100%) on developer MacBooks on horizon-desktop-vm-12,Developers experiencing severe compile slowdowns during Xcode and Gradle builds.,3 - Moderate,Resolved,End-User Computing,VDI & Desktop Support,Service Desk Tier 2,horizon-desktop-vm-12,Configured sensor exclusion policy for local build target and node_modules directories.,Chloe Bennett,2026-08-21 15:03:00,2026-08-21 21:00:00
INC0010433,Unable to authenticate to Cisco AnyConnect VPN via Okta MFA,Users receiving timeout error waiting for Okta Push notification on vpn-gw-apac-13.,1 - Critical,Resolved,Network,VPN & Remote Access,Network Support Tier 2,vpn-gw-apac-13,Restarted stuck Okta RADIUS agent daemon on proxy host and flushed session cache.,Sandra Martinez,2026-08-21 09:06:00,2026-08-21 12:52:00
INC0010434,MongoDB secondary replica node lag exceeding 45 minutes on pg-primary-prod-14,Large batch cleanup on audit_events collection overwhelmed secondary oplog apply thread.,3 - Moderate,Resolved,Database,Relational & NoSQL,Database Administrators (DBA),pg-primary-prod-14,Throttled batch deletion worker with sleep interval; replica caught up with oplog within 25 mins.,Elena Rostova,2026-08-22 05:49:00,2026-08-22 07:14:00
INC0010435,ArgoCD GitOps deployment sync error for microservice namespace on k8s-prod-eu-15,Out-of-sync CRD definition causing continuous Helm reconciliation failures.,3 - Moderate,Resolved,Cloud Platform,Kubernetes & Containers,SRE & Cloud Platform,k8s-prod-eu-15,Updated CustomResourceDefinition schema version in master repository and triggered hard refresh.,Vikram Patel,2026-08-21 21:41:00,2026-08-22 01:59:00
INC0010436,Single Sign-On (SSO) SAML assertion signature verification failure on snow-spoke-sso-16,Users in Operations and Finance receiving SAML signature validation errors on login page.,1 - Critical,Resolved,Enterprise Apps,ServiceNow & Integrations,ServiceNow Platform Admins,snow-spoke-sso-16,Imported updated Azure AD IdP Federation Metadata XML certificate into Multi-Provider SSO configuration.,Marcus Vance,2026-08-21 18:18:00,2026-08-22 00:03:00
INC0010437,SSL/TLS certificate expired for customer endpoint crowdstrike-agent-17,Web clients receiving NET::ERR_CERT_DATE_INVALID security warnings upon checkout.,1 - Critical,Resolved,Security,Certificates & SOC,InfoSec & Security Operations,crowdstrike-agent-17,"Re-issued DigiCert wildcard SSL certificate, bound to ALB listener and CloudFront distribution.",Robert Sterling,2026-08-22 15:34:00,2026-08-22 16:08:00
INC0010438,SharePoint Online sync client error 0x8004de40 for engineering document library on m365-outlook-client-18,Design engineers unable to sync CAD drawings from cloud SharePoint site.,3 - Moderate,Resolved,Enterprise Apps,Email & Office 365,Workplace IT & Collaboration,m365-outlook-client-18,Reset OneDrive/SharePoint sync client registry keys and re-authenticated user profile.,Vikram Patel,2026-08-22 09:53:00,2026-08-22 13:31:00
INC0010439,NFS shared export /mnt/shared mounted read-only on worker servers for nfs-storage-cluster-19,Batch processing workers failing with [Errno 30] Read-only file system.,2 - High,Resolved,Infrastructure,Storage & Backups,Systems Engineering,nfs-storage-cluster-19,"Cleared NetApp storage controller failover lock and remounted NFS exports with rw,hard options.",Sophie Dubois,2026-08-22 09:00:00,2026-08-22 11:47:00
INC0010440,GitHub Actions self-hosted runner offline after OS automatic patching on gitlab-runner-pool-20,Scheduled nightly performance testing pipeline failed to launch.,3 - Moderate,Resolved,DevOps & CI/CD,Build & Deployment Pipelines,DevOps & Release Engineering,gitlab-runner-pool-20,Restarted actions.runner service and configured systemd automatic start on boot.,Fatima Al-Mansoor,2026-08-22 18:18:00,2026-08-22 22:25:00
INC0010441,RAID controller battery backup unit (BBU) degraded on hpe-proliant-dl380-21,PERC controller switched cache mode from write-back to write-through reducing disk I/O.,3 - Moderate,Resolved,Hardware & Datacenter,Servers & Environmental,Datacenter Operations,hpe-proliant-dl380-21,Replaced degraded lithium-ion BBU battery and restored write-back caching.,Chloe Bennett,2026-08-22 23:56:00,2026-08-23 01:19:00
INC0010442,Poly Studio conference bar microphone array audio clipping on genesys-contact-center-22,Participants on remote end reporting muffled speech during team standups.,3 - Moderate,Resolved,Telephony & Collaboration,VoIP & Video Conferencing,Unified Communications,genesys-contact-center-22,Upgraded Polycom device firmware to v4.1.2 and calibrated beamforming acoustic fence.,Sandra Martinez,2026-08-22 14:51:00,2026-08-22 16:03:00
INC0010443,PayPal checkout API returning 500 Internal Error on fraud-detection-engine-23,International shoppers unable to complete PayPal express checkout.,1 - Critical,Resolved,E-Commerce & Payments,Payment Gateways & Billing,Payment Platform Engineering,fraud-detection-engine-23,Updated PayPal SDK client authentication headers following upstream API deprecation.,Elena Rostova,2026-08-23 04:16:00,2026-08-23 06:06:00
INC0010444,BitLocker recovery key prompt on reboot after BIOS update for laptop fleet on jamf-mac-mgmt-24,Over 40 executive laptops locked at BitLocker PIN screen following security firmware patch.,2 - High,Resolved,End-User Computing,VDI & Desktop Support,Service Desk Tier 2,jamf-mac-mgmt-24,Retrieved BitLocker keys via Intune portal script and suspended BitLocker protection for BIOS upgrade.,Robert Sterling,2026-08-23 02:43:00,2026-08-23 04:36:00
INC0010445,BGP route flapping on secondary IPsec link to AWS us-east-1,Route instability causing latency spikes between on-prem core router and cisco-anyconnect-cluster-25.,2 - High,Resolved,Network,VPN & Remote Access,Network Support Tier 2,cisco-anyconnect-cluster-25,Adjusted BGP hold-time timer to 90s and engaged ISP to clear transit fiber congestion.,David Chen,2026-08-22 21:32:00,2026-08-23 00:34:00
INC0010446,MongoDB secondary replica node lag exceeding 45 minutes on pg-primary-prod-26,Large batch cleanup on audit_events collection overwhelmed secondary oplog apply thread.,3 - Moderate,Resolved,Database,Relational & NoSQL,Database Administrators (DBA),pg-primary-prod-26,Throttled batch deletion worker with sleep interval; replica caught up with oplog within 25 mins.,Sandra Martinez,2026-08-22 13:08:00,2026-08-22 17:27:00
INC0010447,Kubernetes worker nodes DiskPressure condition causing pod evictions on k8s-prod-us-27,Ephemeral root volume /var/lib/docker reached 92% capacity on multiple worker instances.,2 - High,Resolved,Cloud Platform,Kubernetes & Containers,SRE & Cloud Platform,k8s-prod-us-27,Tuned kubelet image garbage collection threshold to 80% and pruned dangling build artifacts.,Emily Watson,2026-08-22 16:24:00,2026-08-22 18:39:00
INC0010448,Jira bi-directional Integration Hub webhook failing with 401 Unauthorized on snow-spoke-sso-28,Incidents created in ServiceNow failing to synchronize with engineering Jira backlog.,3 - Moderate,Resolved,Enterprise Apps,ServiceNow & Integrations,ServiceNow Platform Admins,snow-spoke-sso-28,Regenerated expired Jira REST API service token and updated connection alias credentials.,Elena Rostova,2026-08-22 17:37:00,2026-08-22 22:45:00
INC0010449,Critical vulnerability CVE-2026-4428 detected in OpenSSL base image on waf-cloudflare-29,Prisma Cloud vulnerability scanner flagged high-severity CVSS 9.8 remote execution risk.,2 - High,Resolved,Security,Certificates & SOC,InfoSec & Security Operations,waf-cloudflare-29,Updated Docker base image to alpine:3.20.2 containing patched OpenSSL 3.3.1-r1 and redeployed.,Oliver Queen,2026-08-23 06:15:00,2026-08-23 07:01:00
INC0010450,Exchange Online outbound email delivery delayed by 45 minutes on teams-routing-30,Organization-wide delays delivering emails to external business partner domains.,2 - High,Resolved,Enterprise Apps,Email & Office 365,Workplace IT & Collaboration,teams-routing-30,Microsoft tenant advisory EX683921 resolved; outbound routing connectors flushed backlogged queues.,Oliver Queen,2026-08-22 17:10:00,2026-08-22 20:52:00
INC0010451,S3 lifecycle transition rule failing to move objects to Glacier on nfs-storage-cluster-01,Old audit logs not archiving leading to unexpected monthly cloud storage bill increase.,4 - Low,Resolved,Infrastructure,Storage & Backups,Systems Engineering,nfs-storage-cluster-01,Corrected invalid prefix filter in S3 lifecycle policy and verified transition schedule.,Thomas Brown,2026-08-23 06:07:00,2026-08-23 11:49:00
INC0010452,SonarQube static analysis gateway timeout blocking pull request merge on argocd-server-02,Quality gate analysis failing with HTTP 504 on large repository pull requests.,3 - Moderate,Resolved,DevOps & CI/CD,Build & Deployment Pipelines,DevOps & Release Engineering,argocd-server-02,Increased SonarQube compute engine worker threads and tuned heap memory allocation.,Vikram Patel,2026-08-22 15:14:00,2026-08-22 16:37:00
INC0010453,Cisco Nexus core switch fan module failure on pdu-b-feed-03,Chassis temperature alarm triggered; fan tray 3 operating at 0 RPM.,2 - High,Resolved,Hardware & Datacenter,Servers & Environmental,Datacenter Operations,pdu-b-feed-03,Dispatched on-site technician to hot-swap replacement fan module; chassis temp normalized.,James Wilson,2026-08-23 07:38:00,2026-08-23 11:04:00
INC0010454,Cisco CallManager CDR billing export file transmission failed on audiocodes-sbc-04,Telecom accounting report missing daily call detail records.,4 - Low,Resolved,Telephony & Collaboration,VoIP & Video Conferencing,Unified Communications,audiocodes-sbc-04,Fixed SFTP destination server firewall rule and re-sent backlogged CDR files.,Kavita Rao,2026-08-23 01:51:00,2026-08-23 07:46:00
INC0010455,PayPal checkout API returning 500 Internal Error on taxjar-calc-service-05,International shoppers unable to complete PayPal express checkout.,1 - Critical,Resolved,E-Commerce & Payments,Payment Gateways & Billing,Payment Platform Engineering,taxjar-calc-service-05,Updated PayPal SDK client authentication headers following upstream API deprecation.,Chloe Bennett,2026-08-22 10:33:00,2026-08-22 14:36:00
INC0010456,BitLocker recovery key prompt on reboot after BIOS update for laptop fleet on citrix-vdi-pool-06,Over 40 executive laptops locked at BitLocker PIN screen following security firmware patch.,2 - High,Resolved,End-User Computing,VDI & Desktop Support,Service Desk Tier 2,citrix-vdi-pool-06,Retrieved BitLocker keys via Intune portal script and suspended BitLocker protection for BIOS upgrade.,Ahmed Hassan,2026-08-23 02:07:00,2026-08-23 02:53:00
INC0010457,BGP route flapping on secondary IPsec link to AWS us-east-1,Route instability causing latency spikes between on-prem core router and vpn-gw-apac-07.,2 - High,Resolved,Network,VPN & Remote Access,Network Support Tier 2,vpn-gw-apac-07,Adjusted BGP hold-time timer to 90s and engaged ISP to clear transit fiber congestion.,Robert Sterling,2026-08-23 02:34:00,2026-08-23 04:05:00
INC0010458,Oracle ERP batch job reconciliation query timeout on redis-cluster-08,End-of-month financial settlement batch process hung exceeding 4-hour SLA.,2 - High,Resolved,Database,Relational & NoSQL,Database Administrators (DBA),redis-cluster-08,Gathered fresh table statistics on GL_LEDGER and rebuilt fragmented partitioned index.,Mia Wallace,2026-08-23 22:07:00,2026-08-24 00:07:00
INC0010459,ArgoCD GitOps deployment sync error for microservice namespace on gke-workloads-09,Out-of-sync CRD definition causing continuous Helm reconciliation failures.,3 - Moderate,Resolved,Cloud Platform,Kubernetes & Containers,SRE & Cloud Platform,gke-workloads-09,Updated CustomResourceDefinition schema version in master repository and triggered hard refresh.,Emily Watson,2026-08-23 10:57:00,2026-08-23 15:33:00
INC0010460,ServiceNow MID Server down - LDAP discovery and orchestration stopped on snow-dev-instance-10,Production MID server host unreachable; Active Directory scheduled sync failed.,1 - Critical,Resolved,Enterprise Apps,ServiceNow & Integrations,ServiceNow Platform Admins,snow-dev-instance-10,Renewed expired mutual TLS client certificate in wrapper-override.conf and restarted MID daemon.,Emily Watson,2026-08-23 12:32:00,2026-08-23 16:19:00
INC0010461,Privileged IAM Access Key inactive for 90 days flagged by AWS Security Hub on cert-api-prod-11,Compliance audit policy violation for unrotated programmatic access keys.,4 - Low,Resolved,Security,Certificates & SOC,InfoSec & Security Operations,cert-api-prod-11,Deactivated and deleted stale IAM programmatic access key; confirmed service role migration.,Thomas Brown,2026-08-24 01:29:00,2026-08-24 07:28:00
INC0010462,Exchange Online outbound email delivery delayed by 45 minutes on teams-routing-12,Organization-wide delays delivering emails to external business partner domains.,2 - High,Resolved,Enterprise Apps,Email & Office 365,Workplace IT & Collaboration,teams-routing-12,Microsoft tenant advisory EX683921 resolved; outbound routing connectors flushed backlogged queues.,Liam O'Connor,2026-08-23 16:52:00,2026-08-23 17:08:00
INC0010463,NFS shared export /mnt/shared mounted read-only on worker servers for s3-bucket-archive-13,Batch processing workers failing with [Errno 30] Read-only file system.,2 - High,Resolved,Infrastructure,Storage & Backups,Systems Engineering,s3-bucket-archive-13,"Cleared NetApp storage controller failover lock and remounted NFS exports with rw,hard options.",Daniel Craig,2026-08-23 10:02:00,2026-08-23 13:53:00
INC0010464,CI/CD build queue congestion - 60 jobs waiting for available runner on argocd-server-14,Developer pull request validation builds stalled due to runner exhaustion.,2 - High,Resolved,DevOps & CI/CD,Build & Deployment Pipelines,DevOps & Release Engineering,argocd-server-14,Scaled autoscaling GitLab runner instance group from 5 to 25 worker nodes.,Vikram Patel,2026-08-23 09:59:00,2026-08-23 10:49:00
INC0010465,Dell PowerEdge dual PSU fault - Redundancy lost on apc-ups-rack-15,iDRAC hardware monitor reported Power Supply 2 lost AC input power in Datacenter Row C.,2 - High,Resolved,Hardware & Datacenter,Servers & Environmental,Datacenter Operations,apc-ups-rack-15,Replaced faulty 1400W hot-swap power supply module and restored dual power feed.,Nina Petrova,2026-08-23 21:11:00,2026-08-23 22:35:00
INC0010466,Poly Studio conference bar microphone array audio clipping on genesys-contact-center-16,Participants on remote end reporting muffled speech during team standups.,3 - Moderate,Resolved,Telephony & Collaboration,VoIP & Video Conferencing,Unified Communications,genesys-contact-center-16,Upgraded Polycom device firmware to v4.1.2 and calibrated beamforming acoustic fence.,Rachel Green,2026-08-23 20:28:00,2026-08-23 23:56:00
INC0010467,Stripe webhook delivery failure for subscription invoices on taxjar-calc-service-17,Customer accounts remaining in past_due state despite successful credit card charge.,1 - Critical,Resolved,E-Commerce & Payments,Payment Gateways & Billing,Payment Platform Engineering,taxjar-calc-service-17,Resolved idempotency key conflict in webhook handler and re-played failed events via Stripe CLI.,Sarah Jenkins,2026-08-23 12:41:00,2026-08-23 15:54:00
INC0010468,VMware Horizon VDI desktop pool exhausted for offshore contractor team on crowdstrike-sensor-18,Contractors receiving 'No desktop sources available' error upon login.,2 - High,Resolved,End-User Computing,VDI & Desktop Support,Service Desk Tier 2,crowdstrike-sensor-18,Expanded Horizon instant-clone pool capacity from 150 to 250 virtual desktops.,Liam O'Connor,2026-08-23 20:33:00,2026-08-23 21:53:00
INC0010469,Unable to authenticate to Cisco AnyConnect VPN via Okta MFA,Users receiving timeout error waiting for Okta Push notification on vpn-gw-emea-19.,1 - Critical,Resolved,Network,VPN & Remote Access,Network Support Tier 2,vpn-gw-emea-19,Restarted stuck Okta RADIUS agent daemon on proxy host and flushed session cache.,Oliver Queen,2026-08-23 08:19:00,2026-08-23 12:31:00
INC0010470,Redis cluster memory fragmentation ratio reached 2.8 on mongo-analytics-20,Cache eviction latency spikes affecting web tier session store.,3 - Moderate,Resolved,Database,Relational & NoSQL,Database Administrators (DBA),mongo-analytics-20,Enabled active defragmentation (activedefrag yes) and scaled Redis node memory limits.,Alex Mercer,2026-08-24 01:24:00,2026-08-24 03:36:00
INC0010471,CoreDNS pods CPU throttling causing internal DNS resolution latency on eks-cluster-21,Cluster-wide microservice inter-communication degraded due to DNS timeouts.,1 - Critical,Resolved,Cloud Platform,Kubernetes & Containers,SRE & Cloud Platform,eks-cluster-21,Deployed NodeLocal DNSCache DaemonSet and increased CoreDNS replica count from 2 to 6.,Liam O'Connor,2026-08-23 12:17:00,2026-08-23 14:08:00
INC0010472,ServiceNow MID Server down - LDAP discovery and orchestration stopped on snow-mid-prod-22,Production MID server host unreachable; Active Directory scheduled sync failed.,1 - Critical,Resolved,Enterprise Apps,ServiceNow & Integrations,ServiceNow Platform Admins,snow-mid-prod-22,Renewed expired mutual TLS client certificate in wrapper-override.conf and restarted MID daemon.,Nina Petrova,2026-08-24 05:26:00,2026-08-24 10:55:00
INC0010473,SSL/TLS certificate expired for customer endpoint cert-checkout-23,Web clients receiving NET::ERR_CERT_DATE_INVALID security warnings upon checkout.,1 - Critical,Resolved,Security,Certificates & SOC,InfoSec & Security Operations,cert-checkout-23,"Re-issued DigiCert wildcard SSL certificate, bound to ALB listener and CloudFront distribution.",Lucas Silva,2026-08-23 14:04:00,2026-08-23 15:10:00
INC0010474,Exchange Online outbound email delivery delayed by 45 minutes on teams-routing-24,Organization-wide delays delivering emails to external business partner domains.,2 - High,Resolved,Enterprise Apps,Email & Office 365,Workplace IT & Collaboration,teams-routing-24,Microsoft tenant advisory EX683921 resolved; outbound routing connectors flushed backlogged queues.,Alex Mercer,2026-08-24 03:43:00,2026-08-24 04:22:00
INC0010475,Automated daily snapshot backup failed for RDS database on veeam-backup-srv-25,AWS Backup job returned status FAILED with AccessDenied on KMS encryption key.,2 - High,Resolved,Infrastructure,Storage & Backups,Systems Engineering,veeam-backup-srv-25,Updated KMS key policy statement granting DescribeKey permissions to AWSBackupDefaultServiceRole.,Kavita Rao,2026-08-23 22:14:00,2026-08-24 03:05:00
INC0010476,CI/CD build queue congestion - 60 jobs waiting for available runner on github-actions-runner-26,Developer pull request validation builds stalled due to runner exhaustion.,2 - High,Resolved,DevOps & CI/CD,Build & Deployment Pipelines,DevOps & Release Engineering,github-actions-runner-26,Scaled autoscaling GitLab runner instance group from 5 to 25 worker nodes.,Liam O'Connor,2026-08-24 00:18:00,2026-08-24 02:32:00
INC0010477,RAID controller battery backup unit (BBU) degraded on apc-ups-rack-27,PERC controller switched cache mode from write-back to write-through reducing disk I/O.,3 - Moderate,Resolved,Hardware & Datacenter,Servers & Environmental,Datacenter Operations,apc-ups-rack-27,Replaced degraded lithium-ion BBU battery and restored write-back caching.,Sandra Martinez,2026-08-24 02:38:00,2026-08-24 08:37:00
INC0010478,Genesys Contact Center customer support queue dropping incoming calls on genesys-contact-center-28,Customers hearing busy signal when calling toll-free support line.,1 - Critical,Resolved,Telephony & Collaboration,VoIP & Video Conferencing,Unified Communications,genesys-contact-center-28,Identified SIP trunk channel saturation; carrier increased concurrent call paths from 100 to 300.,Alex Mercer,2026-08-23 12:42:00,2026-08-23 17:23:00
INC0010479,"Fraud detection engine latency exceeding 1,200ms per transaction on settlement-worker-29",Machine learning scoring model queue backed up causing checkout timeout errors.,2 - High,Resolved,E-Commerce & Payments,Payment Gateways & Billing,Payment Platform Engineering,settlement-worker-29,Scaled SageMaker inference endpoint instances from 2 to 6 and enabled asynchronous scoring.,Sophie Dubois,2026-08-24 16:03:00,2026-08-24 21:03:00
INC0010480,VMware Horizon VDI desktop pool exhausted for offshore contractor team on bitlocker-tpm-30,Contractors receiving 'No desktop sources available' error upon login.,2 - High,Resolved,End-User Computing,VDI & Desktop Support,Service Desk Tier 2,bitlocker-tpm-30,Expanded Horizon instant-clone pool capacity from 150 to 250 virtual desktops.,Daniel Craig,2026-08-25 01:31:00,2026-08-25 02:10:00
INC0010481,VPN split-tunneling policy failing to route internal corporate subnet,Engineers on MacOS client cannot reach internal RFC1918 subnets while connected to paloalto-fw-01.,3 - Moderate,Resolved,Network,VPN & Remote Access,Network Support Tier 2,paloalto-fw-01,Pushed updated split-tunnel routing table rule to GlobalProtect portal configuration.,James Wilson,2026-08-24 18:44:00,2026-08-24 22:32:00
INC0010482,Deadlock detected on orders inventory table in oracle-erp-db-02,High-concurrency updates during promotional campaign resulting in transaction rollbacks.,2 - High,Resolved,Database,Relational & NoSQL,Database Administrators (DBA),oracle-erp-db-02,Enforced consistent transaction lock ordering in inventory decrement service and created composite index.,Vikram Patel,2026-08-24 20:11:00,2026-08-25 01:01:00
INC0010483,Kubernetes worker nodes DiskPressure condition causing pod evictions on k8s-prod-eu-03,Ephemeral root volume /var/lib/docker reached 92% capacity on multiple worker instances.,2 - High,Resolved,Cloud Platform,Kubernetes & Containers,SRE & Cloud Platform,k8s-prod-eu-03,Tuned kubelet image garbage collection threshold to 80% and pruned dangling build artifacts.,Emily Watson,2026-08-24 17:54:00,2026-08-24 19:22:00
INC0010484,ServiceNow MID Server down - LDAP discovery and orchestration stopped on snow-agent-04,Production MID server host unreachable; Active Directory scheduled sync failed.,1 - Critical,Resolved,Enterprise Apps,ServiceNow & Integrations,ServiceNow Platform Admins,snow-agent-04,Renewed expired mutual TLS client certificate in wrapper-override.conf and restarted MID daemon.,Chloe Bennett,2026-08-24 21:26:00,2026-08-25 02:26:00
INC0010485,Multiple failed SSH root brute-force attempts detected on bastion-jump-05,"CrowdStrike Falcon alerted on 3,500 failed login attempts within 10 minutes from foreign IP range.",2 - High,Resolved,Security,Certificates & SOC,InfoSec & Security Operations,bastion-jump-05,"Blocked source CIDR block in AWS Security Group, enforced bastion MFA, and rotated host SSH keys.",Sandra Martinez,2026-08-24 15:16:00,2026-08-24 17:15:00
INC0010486,Exchange Online outbound email delivery delayed by 45 minutes on teams-routing-06,Organization-wide delays delivering emails to external business partner domains.,2 - High,Resolved,Enterprise Apps,Email & Office 365,Workplace IT & Collaboration,teams-routing-06,Microsoft tenant advisory EX683921 resolved; outbound routing connectors flushed backlogged queues.,Liam O'Connor,2026-08-24 19:05:00,2026-08-24 23:54:00
INC0010487,NFS shared export /mnt/shared mounted read-only on worker servers for netapp-san-lun-07,Batch processing workers failing with [Errno 30] Read-only file system.,2 - High,Resolved,Infrastructure,Storage & Backups,Systems Engineering,netapp-san-lun-07,"Cleared NetApp storage controller failover lock and remounted NFS exports with rw,hard options.",Lucas Silva,2026-08-24 16:24:00,2026-08-24 22:23:00
INC0010488,GitHub Actions self-hosted runner offline after OS automatic patching on gitlab-runner-pool-08,Scheduled nightly performance testing pipeline failed to launch.,3 - Moderate,Resolved,DevOps & CI/CD,Build & Deployment Pipelines,DevOps & Release Engineering,gitlab-runner-pool-08,Restarted actions.runner service and configured systemd automatic start on boot.,Liam O'Connor,2026-08-24 10:12:00,2026-08-24 15:27:00
INC0010489,RAID controller battery backup unit (BBU) degraded on cisco-nexus-core-09,PERC controller switched cache mode from write-back to write-through reducing disk I/O.,3 - Moderate,Resolved,Hardware & Datacenter,Servers & Environmental,Datacenter Operations,cisco-nexus-core-09,Replaced degraded lithium-ion BBU battery and restored write-back caching.,Thomas Brown,2026-08-24 23:13:00,2026-08-25 02:18:00
INC0010490,Boardroom Zoom Room SIP controller failed to register on cisco-cucm-cluster-10,Executive board meeting unable to dial external conference bridge.,2 - High,Resolved,Telephony & Collaboration,VoIP & Video Conferencing,Unified Communications,cisco-cucm-cluster-10,Updated SIP digest authentication password in Zoom Room admin portal and reconnected device.,Liam O'Connor,2026-08-24 14:47:00,2026-08-24 16:02:00
INC0010491,"Fraud detection engine latency exceeding 1,200ms per transaction on paypal-gateway-api-11",Machine learning scoring model queue backed up causing checkout timeout errors.,2 - High,Resolved,E-Commerce & Payments,Payment Gateways & Billing,Payment Platform Engineering,paypal-gateway-api-11,Scaled SageMaker inference endpoint instances from 2 to 6 and enabled asynchronous scoring.,Rachel Green,2026-08-25 06:38:00,2026-08-25 08:37:00
INC0010492,VMware Horizon VDI desktop pool exhausted for offshore contractor team on crowdstrike-sensor-12,Contractors receiving 'No desktop sources available' error upon login.,2 - High,Resolved,End-User Computing,VDI & Desktop Support,Service Desk Tier 2,crowdstrike-sensor-12,Expanded Horizon instant-clone pool capacity from 150 to 250 virtual desktops.,Rachel Green,2026-08-24 18:49:00,2026-08-24 21:28:00
INC0010493,VPN split-tunneling policy failing to route internal corporate subnet,Engineers on MacOS client cannot reach internal RFC1918 subnets while connected to paloalto-fw-13.,3 - Moderate,Resolved,Network,VPN & Remote Access,Network Support Tier 2,paloalto-fw-13,Pushed updated split-tunnel routing table rule to GlobalProtect portal configuration.,Lisa Ray,2026-08-25 04:22:00,2026-08-25 07:14:00
INC0010494,Oracle ERP batch job reconciliation query timeout on redis-cluster-14,End-of-month financial settlement batch process hung exceeding 4-hour SLA.,2 - High,Resolved,Database,Relational & NoSQL,Database Administrators (DBA),redis-cluster-14,Gathered fresh table statistics on GL_LEDGER and rebuilt fragmented partitioned index.,Liam O'Connor,2026-08-24 23:29:00,2026-08-25 00:34:00
INC0010495,CoreDNS pods CPU throttling causing internal DNS resolution latency on eks-cluster-15,Cluster-wide microservice inter-communication degraded due to DNS timeouts.,1 - Critical,Resolved,Cloud Platform,Kubernetes & Containers,SRE & Cloud Platform,eks-cluster-15,Deployed NodeLocal DNSCache DaemonSet and increased CoreDNS replica count from 2 to 6.,James Wilson,2026-08-24 14:23:00,2026-08-24 17:18:00
INC0010496,ServiceNow MID Server down - LDAP discovery and orchestration stopped on snow-agent-16,Production MID server host unreachable; Active Directory scheduled sync failed.,1 - Critical,Resolved,Enterprise Apps,ServiceNow & Integrations,ServiceNow Platform Admins,snow-agent-16,Renewed expired mutual TLS client certificate in wrapper-override.conf and restarted MID daemon.,Elena Rostova,2026-08-24 15:47:00,2026-08-24 17:16:00
INC0010497,Critical vulnerability CVE-2026-4428 detected in OpenSSL base image on crowdstrike-agent-17,Prisma Cloud vulnerability scanner flagged high-severity CVSS 9.8 remote execution risk.,2 - High,Resolved,Security,Certificates & SOC,InfoSec & Security Operations,crowdstrike-agent-17,Updated Docker base image to alpine:3.20.2 containing patched OpenSSL 3.3.1-r1 and redeployed.,Thomas Brown,2026-08-25 02:37:00,2026-08-25 06:25:00
INC0010498,Outlook desktop client repeatedly prompting for user credentials on m365-outlook-client-18,Finance users unable to sync inbox due to recurring Modern Auth dialog loop.,3 - Moderate,Resolved,Enterprise Apps,Email & Office 365,Workplace IT & Collaboration,m365-outlook-client-18,Cleared corrupted Windows Credential Manager cached tokens and refreshed Azure AD device PRT.,Sophie Dubois,2026-08-24 18:14:00,2026-08-24 21:43:00
INC0010499,NFS shared export /mnt/shared mounted read-only on worker servers for veeam-backup-srv-19,Batch processing workers failing with [Errno 30] Read-only file system.,2 - High,Resolved,Infrastructure,Storage & Backups,Systems Engineering,veeam-backup-srv-19,"Cleared NetApp storage controller failover lock and remounted NFS exports with rw,hard options.",Lisa Ray,2026-08-26 01:41:00,2026-08-26 04:48:00
INC0010500,Terraform remote state lock stuck on DynamoDB table for jfrog-artifactory-20,Automated infrastructure provisioning pipeline blocked by orphan lock.,3 - Moderate,Resolved,DevOps & CI/CD,Build & Deployment Pipelines,DevOps & Release Engineering,jfrog-artifactory-20,Force-unlocked Terraform state using terraform force-unlock after verifying no active runs.,Robert Sterling,2026-08-25 22:10:00,2026-08-26 01:25:00
INC0010501,Cisco Nexus core switch fan module failure on hpe-proliant-dl380-21,Chassis temperature alarm triggered; fan tray 3 operating at 0 RPM.,2 - High,Resolved,Hardware & Datacenter,Servers & Environmental,Datacenter Operations,hpe-proliant-dl380-21,Dispatched on-site technician to hot-swap replacement fan module; chassis temp normalized.,Fatima Al-Mansoor,2026-08-25 23:11:00,2026-08-26 04:03:00
INC0010502,Boardroom Zoom Room SIP controller failed to register on poly-studio-x50-22,Executive board meeting unable to dial external conference bridge.,2 - High,Resolved,Telephony & Collaboration,VoIP & Video Conferencing,Unified Communications,poly-studio-x50-22,Updated SIP digest authentication password in Zoom Room admin portal and reconnected device.,Oliver Queen,2026-08-25 09:53:00,2026-08-25 10:46:00
INC0010503,Stripe webhook delivery failure for subscription invoices on stripe-webhook-handler-23,Customer accounts remaining in past_due state despite successful credit card charge.,1 - Critical,Resolved,E-Commerce & Payments,Payment Gateways & Billing,Payment Platform Engineering,stripe-webhook-handler-23,Resolved idempotency key conflict in webhook handler and re-played failed events via Stripe CLI.,Alex Mercer,2026-08-25 21:08:00,2026-08-26 02:45:00
INC0010504,Citrix Virtual Apps session freeze on launching Epic EHR on horizon-desktop-vm-24,Clinical staff unable to open medical records application during shift changeover.,1 - Critical,Resolved,End-User Computing,VDI & Desktop Support,Service Desk Tier 2,horizon-desktop-vm-24,Cleared disconnected orphaned ICA sessions and restarted Citrix Virtual Delivery Agent service.,Emily Watson,2026-08-25 08:13:00,2026-08-25 12:46:00
INC0010505,High packet drop rate on gateway interface for vpn-gw-emea-25,CRC alignment errors and buffer overruns detected on interface gigabitethernet0/0/1.,2 - High,Resolved,Network,VPN & Remote Access,Network Support Tier 2,vpn-gw-emea-25,Replaced faulty SFP+ 10G optical transceiver module and cleaned LC fiber patch connector.,Lucas Silva,2026-08-26 03:40:00,2026-08-26 09:36:00
INC0010506,MongoDB secondary replica node lag exceeding 45 minutes on mongo-analytics-26,Large batch cleanup on audit_events collection overwhelmed secondary oplog apply thread.,3 - Moderate,Resolved,Database,Relational & NoSQL,Database Administrators (DBA),mongo-analytics-26,Throttled batch deletion worker with sleep interval; replica caught up with oplog within 25 mins.,Ahmed Hassan,2026-08-25 08:00:00,2026-08-25 12:47:00
INC0010507,CoreDNS pods CPU throttling causing internal DNS resolution latency on k8s-prod-us-27,Cluster-wide microservice inter-communication degraded due to DNS timeouts.,1 - Critical,Resolved,Cloud Platform,Kubernetes & Containers,SRE & Cloud Platform,k8s-prod-us-27,Deployed NodeLocal DNSCache DaemonSet and increased CoreDNS replica count from 2 to 6.,Ahmed Hassan,2026-08-25 08:33:00,2026-08-25 11:08:00
INC0010508,Jira bi-directional Integration Hub webhook failing with 401 Unauthorized on snow-mid-prod-28,Incidents created in ServiceNow failing to synchronize with engineering Jira backlog.,3 - Moderate,Resolved,Enterprise Apps,ServiceNow & Integrations,ServiceNow Platform Admins,snow-mid-prod-28,Regenerated expired Jira REST API service token and updated connection alias credentials.,James Wilson,2026-08-26 00:52:00,2026-08-26 06:52:00
INC0010509,Multiple failed SSH root brute-force attempts detected on cert-api-prod-29,"CrowdStrike Falcon alerted on 3,500 failed login attempts within 10 minutes from foreign IP range.",2 - High,Resolved,Security,Certificates & SOC,InfoSec & Security Operations,cert-api-prod-29,"Blocked source CIDR block in AWS Security Group, enforced bastion MFA, and rotated host SSH keys.",Alex Mercer,2026-08-25 11:33:00,2026-08-25 13:04:00
INC0010510,Outlook desktop client repeatedly prompting for user credentials on sharepoint-online-30,Finance users unable to sync inbox due to recurring Modern Auth dialog loop.,3 - Moderate,Resolved,Enterprise Apps,Email & Office 365,Workplace IT & Collaboration,sharepoint-online-30,Cleared corrupted Windows Credential Manager cached tokens and refreshed Azure AD device PRT.,Lisa Ray,2026-08-26 00:16:00,2026-08-26 03:32:00
INC0010511,Veeam VMware hypervisor backup job failed with CBT error on netapp-san-lun-01,Changed Block Tracking (CBT) corrupted on critical production virtual machine disk.,3 - Moderate,Resolved,Infrastructure,Storage & Backups,Systems Engineering,netapp-san-lun-01,Reset VMware CBT on VM configuration and executed active full backup successfully.,Sophie Dubois,2026-08-25 19:25:00,2026-08-25 23:35:00
INC0010512,JFrog Artifactory Docker registry returning 500 Internal Server Error on github-actions-runner-02,Kubernetes deployments unable to pull container images during release window.,1 - Critical,Resolved,DevOps & CI/CD,Build & Deployment Pipelines,DevOps & Release Engineering,github-actions-runner-02,Resolved disk space pressure on /var/opt/jfrog/artifactory/data and restarted PostgreSQL backend.,Fatima Al-Mansoor,2026-08-25 17:43:00,2026-08-25 18:39:00
INC0010513,Dell PowerEdge dual PSU fault - Redundancy lost on dell-poweredge-r750-03,iDRAC hardware monitor reported Power Supply 2 lost AC input power in Datacenter Row C.,2 - High,Resolved,Hardware & Datacenter,Servers & Environmental,Datacenter Operations,dell-poweredge-r750-03,Replaced faulty 1400W hot-swap power supply module and restored dual power feed.,Ahmed Hassan,2026-08-25 20:24:00,2026-08-25 23:52:00
INC0010514,Poly Studio conference bar microphone array audio clipping on zoom-room-boardroom-04,Participants on remote end reporting muffled speech during team standups.,3 - Moderate,Resolved,Telephony & Collaboration,VoIP & Video Conferencing,Unified Communications,zoom-room-boardroom-04,Upgraded Polycom device firmware to v4.1.2 and calibrated beamforming acoustic fence.,David Chen,2026-08-26 04:00:00,2026-08-26 05:42:00
INC0010515,"Fraud detection engine latency exceeding 1,200ms per transaction on fraud-detection-engine-05",Machine learning scoring model queue backed up causing checkout timeout errors.,2 - High,Resolved,E-Commerce & Payments,Payment Gateways & Billing,Payment Platform Engineering,fraud-detection-engine-05,Scaled SageMaker inference endpoint instances from 2 to 6 and enabled asynchronous scoring.,Sophie Dubois,2026-08-26 04:50:00,2026-08-26 07:54:00
INC0010516,Citrix Virtual Apps session freeze on launching Epic EHR on crowdstrike-sensor-06,Clinical staff unable to open medical records application during shift changeover.,1 - Critical,Resolved,End-User Computing,VDI & Desktop Support,Service Desk Tier 2,crowdstrike-sensor-06,Cleared disconnected orphaned ICA sessions and restarted Citrix Virtual Delivery Agent service.,Mia Wallace,2026-08-25 09:14:00,2026-08-25 11:17:00
INC0010517,BGP route flapping on secondary IPsec link to AWS us-east-1,Route instability causing latency spikes between on-prem core router and cisco-anyconnect-cluster-07.,2 - High,Resolved,Network,VPN & Remote Access,Network Support Tier 2,cisco-anyconnect-cluster-07,Adjusted BGP hold-time timer to 90s and engaged ISP to clear transit fiber congestion.,Oliver Queen,2026-08-25 16:02:00,2026-08-25 16:55:00
INC0010518,Oracle ERP batch job reconciliation query timeout on redis-cluster-08,End-of-month financial settlement batch process hung exceeding 4-hour SLA.,2 - High,Resolved,Database,Relational & NoSQL,Database Administrators (DBA),redis-cluster-08,Gathered fresh table statistics on GL_LEDGER and rebuilt fragmented partitioned index.,Robert Sterling,2026-08-26 02:42:00,2026-08-26 03:13:00
INC0010519,Ingress-nginx controller 504 Gateway Timeout on k8s-prod-us-09,Stripe webhook requests timing out at ingress proxy; upstream billing pods saturated.,2 - High,Resolved,Cloud Platform,Kubernetes & Containers,SRE & Cloud Platform,k8s-prod-us-09,Scaled billing-worker horizontal pod autoscaler from 3 to 12 replicas and increased proxy-read-timeout to 60s.,Nina Petrova,2026-08-25 14:37:00,2026-08-25 16:05:00
INC0010520,ServiceNow Flow Designer execution timeout on Employee Offboarding workflow on snow-mid-prod-10,Automated offboarding run queue stuck waiting on REST step response.,2 - High,Resolved,Enterprise Apps,ServiceNow & Integrations,ServiceNow Platform Admins,snow-mid-prod-10,Added 30s timeout and retry policy on external Okta de-provisioning REST step.,Alex Mercer,2026-08-26 17:10:00,2026-08-26 22:13:00
INC0010521,Privileged IAM Access Key inactive for 90 days flagged by AWS Security Hub on bastion-jump-11,Compliance audit policy violation for unrotated programmatic access keys.,4 - Low,Resolved,Security,Certificates & SOC,InfoSec & Security Operations,bastion-jump-11,Deactivated and deleted stale IAM programmatic access key; confirmed service role migration.,Sandra Martinez,2026-08-27 05:57:00,2026-08-27 10:48:00
INC0010522,SharePoint Online sync client error 0x8004de40 for engineering document library on m365-outlook-client-12,Design engineers unable to sync CAD drawings from cloud SharePoint site.,3 - Moderate,Resolved,Enterprise Apps,Email & Office 365,Workplace IT & Collaboration,m365-outlook-client-12,Reset OneDrive/SharePoint sync client registry keys and re-authenticated user profile.,Chloe Bennett,2026-08-27 06:46:00,2026-08-27 07:41:00
INC0010523,Storage volume /data disk utilization reached 96% on netapp-san-lun-13,Application logs and temp files filling up root partition threatening server crash.,2 - High,Resolved,Infrastructure,Storage & Backups,Systems Engineering,netapp-san-lun-13,Expanded EBS volume size from 250GB to 600GB online using growpart and xfs_growfs.,David Chen,2026-08-26 11:27:00,2026-08-26 13:40:00
INC0010524,SonarQube static analysis gateway timeout blocking pull request merge on argocd-server-14,Quality gate analysis failing with HTTP 504 on large repository pull requests.,3 - Moderate,Resolved,DevOps & CI/CD,Build & Deployment Pipelines,DevOps & Release Engineering,argocd-server-14,Increased SonarQube compute engine worker threads and tuned heap memory allocation.,Nina Petrova,2026-08-27 03:38:00,2026-08-27 07:16:00
INC0010525,APC Smart-UPS battery replacement warning in Rack dell-poweredge-r750-15,UPS self-test failed; battery age exceeded 36-month operational threshold.,3 - Moderate,Resolved,Hardware & Datacenter,Servers & Environmental,Datacenter Operations,dell-poweredge-r750-15,Scheduled maintenance window and replaced modular battery cartridge pack.,Vikram Patel,2026-08-27 04:17:00,2026-08-27 08:22:00
INC0010526,Genesys Contact Center customer support queue dropping incoming calls on genesys-contact-center-16,Customers hearing busy signal when calling toll-free support line.,1 - Critical,Resolved,Telephony & Collaboration,VoIP & Video Conferencing,Unified Communications,genesys-contact-center-16,Identified SIP trunk channel saturation; carrier increased concurrent call paths from 100 to 300.,Robert Sterling,2026-08-27 01:24:00,2026-08-27 05:20:00
INC0010527,Tax calculation service TaxJar rate lookup timeout on fraud-detection-engine-17,Shopping cart checkout displaying $0.00 tax calculation warning.,3 - Moderate,Resolved,E-Commerce & Payments,Payment Gateways & Billing,Payment Platform Engineering,fraud-detection-engine-17,Enabled fallback offline cached tax rate table and increased upstream API timeout to 5s.,Thomas Brown,2026-08-26 10:49:00,2026-08-26 16:20:00
INC0010528,VMware Horizon VDI desktop pool exhausted for offshore contractor team on citrix-vdi-pool-18,Contractors receiving 'No desktop sources available' error upon login.,2 - High,Resolved,End-User Computing,VDI & Desktop Support,Service Desk Tier 2,citrix-vdi-pool-18,Expanded Horizon instant-clone pool capacity from 150 to 250 virtual desktops.,Rachel Green,2026-08-26 10:17:00,2026-08-26 11:50:00
INC0010529,Unable to authenticate to Cisco AnyConnect VPN via Okta MFA,Users receiving timeout error waiting for Okta Push notification on cisco-anyconnect-cluster-19.,1 - Critical,Resolved,Network,VPN & Remote Access,Network Support Tier 2,cisco-anyconnect-cluster-19,Restarted stuck Okta RADIUS agent daemon on proxy host and flushed session cache.,David Chen,2026-08-26 18:23:00,2026-08-26 19:32:00
INC0010530,PostgreSQL connection pool exhausted on oracle-erp-db-20,Microservices throwing FATAL: remaining connection slots are reserved for superuser connections.,1 - Critical,Resolved,Database,Relational & NoSQL,Database Administrators (DBA),oracle-erp-db-20,Terminated leaked idle-in-transaction client sessions and adjusted PgBouncer pool max_client_conn to 2500.,Sarah Jenkins,2026-08-26 22:23:00,2026-08-27 00:56:00
INC0010531,Kubernetes worker nodes DiskPressure condition causing pod evictions on k8s-prod-us-21,Ephemeral root volume /var/lib/docker reached 92% capacity on multiple worker instances.,2 - High,Resolved,Cloud Platform,Kubernetes & Containers,SRE & Cloud Platform,k8s-prod-us-21,Tuned kubelet image garbage collection threshold to 80% and pruned dangling build artifacts.,Ahmed Hassan,2026-08-26 13:27:00,2026-08-26 17:31:00
INC0010532,ServiceNow Email Inbound Action failing to parse vendor alert notifications on snow-agent-22,Automated alert emails from SolarWinds not creating Incident records.,3 - Moderate,Resolved,Enterprise Apps,ServiceNow & Integrations,ServiceNow Platform Admins,snow-agent-22,Fixed regex pattern in inbound email action script to match new vendor subject format.,David Chen,2026-08-26 21:06:00,2026-08-26 21:34:00
INC0010533,Critical vulnerability CVE-2026-4428 detected in OpenSSL base image on crowdstrike-agent-23,Prisma Cloud vulnerability scanner flagged high-severity CVSS 9.8 remote execution risk.,2 - High,Resolved,Security,Certificates & SOC,InfoSec & Security Operations,crowdstrike-agent-23,Updated Docker base image to alpine:3.20.2 containing patched OpenSSL 3.3.1-r1 and redeployed.,Sandra Martinez,2026-08-26 10:38:00,2026-08-26 15:59:00
INC0010534,SharePoint Online sync client error 0x8004de40 for engineering document library on o365-exchange-tenant-24,Design engineers unable to sync CAD drawings from cloud SharePoint site.,3 - Moderate,Resolved,Enterprise Apps,Email & Office 365,Workplace IT & Collaboration,o365-exchange-tenant-24,Reset OneDrive/SharePoint sync client registry keys and re-authenticated user profile.,Nina Petrova,2026-08-26 17:26:00,2026-08-26 20:59:00
INC0010535,Automated daily snapshot backup failed for RDS database on s3-bucket-archive-25,AWS Backup job returned status FAILED with AccessDenied on KMS encryption key.,2 - High,Resolved,Infrastructure,Storage & Backups,Systems Engineering,s3-bucket-archive-25,Updated KMS key policy statement granting DescribeKey permissions to AWSBackupDefaultServiceRole.,Robert Sterling,2026-08-26 15:36:00,2026-08-26 20:17:00
INC0010536,Terraform remote state lock stuck on DynamoDB table for github-actions-runner-26,Automated infrastructure provisioning pipeline blocked by orphan lock.,3 - Moderate,Resolved,DevOps & CI/CD,Build & Deployment Pipelines,DevOps & Release Engineering,github-actions-runner-26,Force-unlocked Terraform state using terraform force-unlock after verifying no active runs.,Lisa Ray,2026-08-26 12:17:00,2026-08-26 15:06:00
INC0010537,Server rack thermal threshold warning (88°F) in Datacenter Row cisco-nexus-core-27,CRAC unit 4 airflow baffle stuck causing localized hot spot.,2 - High,Resolved,Hardware & Datacenter,Servers & Environmental,Datacenter Operations,cisco-nexus-core-27,Facilities team repaired motorized damper on CRAC unit; row temperature returned to 68°F.,Lisa Ray,2026-08-26 10:10:00,2026-08-26 14:07:00
INC0010538,Poly Studio conference bar microphone array audio clipping on genesys-contact-center-28,Participants on remote end reporting muffled speech during team standups.,3 - Moderate,Resolved,Telephony & Collaboration,VoIP & Video Conferencing,Unified Communications,genesys-contact-center-28,Upgraded Polycom device firmware to v4.1.2 and calibrated beamforming acoustic fence.,Daniel Craig,2026-08-26 23:50:00,2026-08-27 00:44:00
INC0010539,Nightly payment settlement reconciliation file transmission delayed on paypal-gateway-api-29,Banking partner automated SFTP transfer failed with host key verification error.,2 - High,Resolved,E-Commerce & Payments,Payment Gateways & Billing,Payment Platform Engineering,paypal-gateway-api-29,Updated banking SFTP server public host key in known_hosts file and re-triggered batch job.,Lucas Silva,2026-08-27 07:40:00,2026-08-27 12:08:00
INC0010540,CrowdStrike Falcon sensor high CPU usage (100%) on developer MacBooks on horizon-desktop-vm-30,Developers experiencing severe compile slowdowns during Xcode and Gradle builds.,3 - Moderate,Resolved,End-User Computing,VDI & Desktop Support,Service Desk Tier 2,horizon-desktop-vm-30,Configured sensor exclusion policy for local build target and node_modules directories.,Thomas Brown,2026-08-26 22:06:00,2026-08-26 23:30:00
INC0010541,GlobalProtect VPN tunnel drops intermittently during video calls,Remote workers reporting packet loss and session teardowns on gateway cisco-anyconnect-cluster-01.,2 - High,Resolved,Network,VPN & Remote Access,Network Support Tier 2,cisco-anyconnect-cluster-01,Increased IPSec Dead Peer Detection (DPD) timeout from 30s to 120s and tuned MTU size to 1350.,Rachel Green,2026-08-27 18:53:00,2026-08-28 00:25:00
INC0010542,Oracle ERP batch job reconciliation query timeout on mongo-analytics-02,End-of-month financial settlement batch process hung exceeding 4-hour SLA.,2 - High,Resolved,Database,Relational & NoSQL,Database Administrators (DBA),mongo-analytics-02,Gathered fresh table statistics on GL_LEDGER and rebuilt fragmented partitioned index.,Lucas Silva,2026-08-27 18:27:00,2026-08-28 00:15:00
INC0010543,Kubernetes worker nodes DiskPressure condition causing pod evictions on eks-cluster-03,Ephemeral root volume /var/lib/docker reached 92% capacity on multiple worker instances.,2 - High,Resolved,Cloud Platform,Kubernetes & Containers,SRE & Cloud Platform,eks-cluster-03,Tuned kubelet image garbage collection threshold to 80% and pruned dangling build artifacts.,Vikram Patel,2026-08-27 18:38:00,2026-08-27 20:35:00
INC0010544,Jira bi-directional Integration Hub webhook failing with 401 Unauthorized on snow-jira-hub-04,Incidents created in ServiceNow failing to synchronize with engineering Jira backlog.,3 - Moderate,Resolved,Enterprise Apps,ServiceNow & Integrations,ServiceNow Platform Admins,snow-jira-hub-04,Regenerated expired Jira REST API service token and updated connection alias credentials.,Liam O'Connor,2026-08-27 20:20:00,2026-08-27 23:04:00
INC0010545,WAF Rate Limit rule triggered by rogue botnet targeting auth endpoint on crowdstrike-agent-05,"Over 12,000 login requests/min detected from distributed residential proxies.",2 - High,Resolved,Security,Certificates & SOC,InfoSec & Security Operations,crowdstrike-agent-05,Configured Cloudflare WAF Managed Challenge rule and throttled suspect IP ASNs.,Lisa Ray,2026-08-27 15:20:00,2026-08-27 18:47:00
INC0010546,SharePoint Online sync client error 0x8004de40 for engineering document library on shared-mbx-ap-06,Design engineers unable to sync CAD drawings from cloud SharePoint site.,3 - Moderate,Resolved,Enterprise Apps,Email & Office 365,Workplace IT & Collaboration,shared-mbx-ap-06,Reset OneDrive/SharePoint sync client registry keys and re-authenticated user profile.,Kavita Rao,2026-08-27 11:59:00,2026-08-27 17:02:00
INC0010547,S3 lifecycle transition rule failing to move objects to Glacier on s3-bucket-archive-07,Old audit logs not archiving leading to unexpected monthly cloud storage bill increase.,4 - Low,Resolved,Infrastructure,Storage & Backups,Systems Engineering,s3-bucket-archive-07,Corrected invalid prefix filter in S3 lifecycle policy and verified transition schedule.,Elena Rostova,2026-08-27 13:43:00,2026-08-27 18:39:00
INC0010548,Terraform remote state lock stuck on DynamoDB table for github-actions-runner-08,Automated infrastructure provisioning pipeline blocked by orphan lock.,3 - Moderate,Resolved,DevOps & CI/CD,Build & Deployment Pipelines,DevOps & Release Engineering,github-actions-runner-08,Force-unlocked Terraform state using terraform force-unlock after verifying no active runs.,Mia Wallace,2026-08-27 22:51:00,2026-08-28 01:35:00
INC0010549,Dell PowerEdge dual PSU fault - Redundancy lost on pdu-b-feed-09,iDRAC hardware monitor reported Power Supply 2 lost AC input power in Datacenter Row C.,2 - High,Resolved,Hardware & Datacenter,Servers & Environmental,Datacenter Operations,pdu-b-feed-09,Replaced faulty 1400W hot-swap power supply module and restored dual power feed.,Fatima Al-Mansoor,2026-08-28 05:31:00,2026-08-28 06:57:00
INC0010550,AudioCodes SBC rejecting incoming calls with SIP 403 Forbidden on cisco-cucm-cluster-10,Branch office outbound dialing failing across EMEA sites.,2 - High,Resolved,Telephony & Collaboration,VoIP & Video Conferencing,Unified Communications,cisco-cucm-cluster-10,Renewed expired TLS certificate on SIP trunk signaling interface.,Mia Wallace,2026-08-27 16:42:00,2026-08-27 18:15:00
INC0010551,"Fraud detection engine latency exceeding 1,200ms per transaction on fraud-detection-engine-11",Machine learning scoring model queue backed up causing checkout timeout errors.,2 - High,Resolved,E-Commerce & Payments,Payment Gateways & Billing,Payment Platform Engineering,fraud-detection-engine-11,Scaled SageMaker inference endpoint instances from 2 to 6 and enabled asynchronous scoring.,Vikram Patel,2026-08-27 10:28:00,2026-08-27 15:49:00
INC0010552,CrowdStrike Falcon sensor high CPU usage (100%) on developer MacBooks on bitlocker-tpm-12,Developers experiencing severe compile slowdowns during Xcode and Gradle builds.,3 - Moderate,Resolved,End-User Computing,VDI & Desktop Support,Service Desk Tier 2,bitlocker-tpm-12,Configured sensor exclusion policy for local build target and node_modules directories.,Ahmed Hassan,2026-08-28 01:32:00,2026-08-28 05:21:00
INC0010553,GlobalProtect VPN tunnel drops intermittently during video calls,Remote workers reporting packet loss and session teardowns on gateway vpn-gw-us-13.,2 - High,Resolved,Network,VPN & Remote Access,Network Support Tier 2,vpn-gw-us-13,Increased IPSec Dead Peer Detection (DPD) timeout from 30s to 120s and tuned MTU size to 1350.,Lucas Silva,2026-08-28 06:57:00,2026-08-28 11:46:00
INC0010554,PostgreSQL connection pool exhausted on pg-primary-prod-14,Microservices throwing FATAL: remaining connection slots are reserved for superuser connections.,1 - Critical,Resolved,Database,Relational & NoSQL,Database Administrators (DBA),pg-primary-prod-14,Terminated leaked idle-in-transaction client sessions and adjusted PgBouncer pool max_client_conn to 2500.,Daniel Craig,2026-08-27 15:42:00,2026-08-27 21:37:00
INC0010555,Kubernetes worker nodes DiskPressure condition causing pod evictions on aks-core-15,Ephemeral root volume /var/lib/docker reached 92% capacity on multiple worker instances.,2 - High,Resolved,Cloud Platform,Kubernetes & Containers,SRE & Cloud Platform,aks-core-15,Tuned kubelet image garbage collection threshold to 80% and pruned dangling build artifacts.,Oliver Queen,2026-08-27 09:36:00,2026-08-27 15:21:00
INC0010556,ServiceNow Flow Designer execution timeout on Employee Offboarding workflow on snow-spoke-sso-16,Automated offboarding run queue stuck waiting on REST step response.,2 - High,Resolved,Enterprise Apps,ServiceNow & Integrations,ServiceNow Platform Admins,snow-spoke-sso-16,Added 30s timeout and retry policy on external Okta de-provisioning REST step.,Sarah Jenkins,2026-08-27 21:06:00,2026-08-27 21:26:00
INC0010557,Critical vulnerability CVE-2026-4428 detected in OpenSSL base image on cert-checkout-17,Prisma Cloud vulnerability scanner flagged high-severity CVSS 9.8 remote execution risk.,2 - High,Resolved,Security,Certificates & SOC,InfoSec & Security Operations,cert-checkout-17,Updated Docker base image to alpine:3.20.2 containing patched OpenSSL 3.3.1-r1 and redeployed.,Ahmed Hassan,2026-08-28 00:47:00,2026-08-28 05:27:00
INC0010558,Microsoft Teams Direct Routing audio stutter and call drops on sharepoint-online-18,Voice calls terminating prematurely across regional branch offices.,2 - High,Resolved,Enterprise Apps,Email & Office 365,Workplace IT & Collaboration,sharepoint-online-18,Upgraded Session Border Controller (SBC) firmware and adjusted jitter buffer settings.,Rachel Green,2026-08-27 15:28:00,2026-08-27 18:54:00
INC0010559,Veeam VMware hypervisor backup job failed with CBT error on s3-bucket-archive-19,Changed Block Tracking (CBT) corrupted on critical production virtual machine disk.,3 - Moderate,Resolved,Infrastructure,Storage & Backups,Systems Engineering,s3-bucket-archive-19,Reset VMware CBT on VM configuration and executed active full backup successfully.,Daniel Craig,2026-08-28 06:32:00,2026-08-28 08:04:00
INC0010560,CI/CD build queue congestion - 60 jobs waiting for available runner on jfrog-artifactory-20,Developer pull request validation builds stalled due to runner exhaustion.,2 - High,Resolved,DevOps & CI/CD,Build & Deployment Pipelines,DevOps & Release Engineering,jfrog-artifactory-20,Scaled autoscaling GitLab runner instance group from 5 to 25 worker nodes.,David Chen,2026-08-27 11:18:00,2026-08-27 15:05:00
INC0010561,Dell PowerEdge dual PSU fault - Redundancy lost on cisco-nexus-core-21,iDRAC hardware monitor reported Power Supply 2 lost AC input power in Datacenter Row C.,2 - High,Resolved,Hardware & Datacenter,Servers & Environmental,Datacenter Operations,cisco-nexus-core-21,Replaced faulty 1400W hot-swap power supply module and restored dual power feed.,Emily Watson,2026-08-27 19:19:00,2026-08-27 22:29:00
INC0010562,Genesys Contact Center customer support queue dropping incoming calls on poly-studio-x50-22,Customers hearing busy signal when calling toll-free support line.,1 - Critical,Resolved,Telephony & Collaboration,VoIP & Video Conferencing,Unified Communications,poly-studio-x50-22,Identified SIP trunk channel saturation; carrier increased concurrent call paths from 100 to 300.,Sarah Jenkins,2026-08-28 23:22:00,2026-08-29 03:40:00
INC0010563,"Fraud detection engine latency exceeding 1,200ms per transaction on fraud-detection-engine-23",Machine learning scoring model queue backed up causing checkout timeout errors.,2 - High,Resolved,E-Commerce & Payments,Payment Gateways & Billing,Payment Platform Engineering,fraud-detection-engine-23,Scaled SageMaker inference endpoint instances from 2 to 6 and enabled asynchronous scoring.,Marcus Vance,2026-08-28 18:04:00,2026-08-28 20:52:00
INC0010564,Citrix Virtual Apps session freeze on launching Epic EHR on citrix-vdi-pool-24,Clinical staff unable to open medical records application during shift changeover.,1 - Critical,Resolved,End-User Computing,VDI & Desktop Support,Service Desk Tier 2,citrix-vdi-pool-24,Cleared disconnected orphaned ICA sessions and restarted Citrix Virtual Delivery Agent service.,Oliver Queen,2026-08-28 18:41:00,2026-08-28 19:51:00
INC0010565,Unable to authenticate to Cisco AnyConnect VPN via Okta MFA,Users receiving timeout error waiting for Okta Push notification on vpn-gw-apac-25.,1 - Critical,Resolved,Network,VPN & Remote Access,Network Support Tier 2,vpn-gw-apac-25,Restarted stuck Okta RADIUS agent daemon on proxy host and flushed session cache.,Robert Sterling,2026-08-29 00:11:00,2026-08-29 05:08:00
INC0010566,Oracle ERP batch job reconciliation query timeout on redis-cluster-26,End-of-month financial settlement batch process hung exceeding 4-hour SLA.,2 - High,Resolved,Database,Relational & NoSQL,Database Administrators (DBA),redis-cluster-26,Gathered fresh table statistics on GL_LEDGER and rebuilt fragmented partitioned index.,Rachel Green,2026-08-28 21:29:00,2026-08-28 23:42:00
INC0010567,Kubernetes worker nodes DiskPressure condition causing pod evictions on k8s-prod-eu-27,Ephemeral root volume /var/lib/docker reached 92% capacity on multiple worker instances.,2 - High,Resolved,Cloud Platform,Kubernetes & Containers,SRE & Cloud Platform,k8s-prod-eu-27,Tuned kubelet image garbage collection threshold to 80% and pruned dangling build artifacts.,Rachel Green,2026-08-29 04:42:00,2026-08-29 08:38:00
INC0010568,ServiceNow MID Server down - LDAP discovery and orchestration stopped on snow-agent-28,Production MID server host unreachable; Active Directory scheduled sync failed.,1 - Critical,Resolved,Enterprise Apps,ServiceNow & Integrations,ServiceNow Platform Admins,snow-agent-28,Renewed expired mutual TLS client certificate in wrapper-override.conf and restarted MID daemon.,James Wilson,2026-08-28 14:28:00,2026-08-28 19:46:00
INC0010569,WAF Rate Limit rule triggered by rogue botnet targeting auth endpoint on cert-api-prod-29,"Over 12,000 login requests/min detected from distributed residential proxies.",2 - High,Resolved,Security,Certificates & SOC,InfoSec & Security Operations,cert-api-prod-29,Configured Cloudflare WAF Managed Challenge rule and throttled suspect IP ASNs.,Lisa Ray,2026-08-29 06:13:00,2026-08-29 08:13:00
INC0010570,Exchange Online outbound email delivery delayed by 45 minutes on sharepoint-online-30,Organization-wide delays delivering emails to external business partner domains.,2 - High,Resolved,Enterprise Apps,Email & Office 365,Workplace IT & Collaboration,sharepoint-online-30,Microsoft tenant advisory EX683921 resolved; outbound routing connectors flushed backlogged queues.,Robert Sterling,2026-08-28 11:51:00,2026-08-28 16:40:00
INC0010571,Storage volume /data disk utilization reached 96% on nfs-storage-cluster-01,Application logs and temp files filling up root partition threatening server crash.,2 - High,Resolved,Infrastructure,Storage & Backups,Systems Engineering,nfs-storage-cluster-01,Expanded EBS volume size from 250GB to 600GB online using growpart and xfs_growfs.,Lisa Ray,2026-08-28 14:29:00,2026-08-28 15:42:00
INC0010572,Terraform remote state lock stuck on DynamoDB table for argocd-server-02,Automated infrastructure provisioning pipeline blocked by orphan lock.,3 - Moderate,Resolved,DevOps & CI/CD,Build & Deployment Pipelines,DevOps & Release Engineering,argocd-server-02,Force-unlocked Terraform state using terraform force-unlock after verifying no active runs.,Rachel Green,2026-08-29 04:20:00,2026-08-29 09:40:00
INC0010573,RAID controller battery backup unit (BBU) degraded on pdu-b-feed-03,PERC controller switched cache mode from write-back to write-through reducing disk I/O.,3 - Moderate,Resolved,Hardware & Datacenter,Servers & Environmental,Datacenter Operations,pdu-b-feed-03,Replaced degraded lithium-ion BBU battery and restored write-back caching.,Daniel Craig,2026-08-29 02:07:00,2026-08-29 05:20:00
INC0010574,Poly Studio conference bar microphone array audio clipping on poly-studio-x50-04,Participants on remote end reporting muffled speech during team standups.,3 - Moderate,Resolved,Telephony & Collaboration,VoIP & Video Conferencing,Unified Communications,poly-studio-x50-04,Upgraded Polycom device firmware to v4.1.2 and calibrated beamforming acoustic fence.,Mia Wallace,2026-08-28 13:52:00,2026-08-28 19:51:00
INC0010575,Nightly payment settlement reconciliation file transmission delayed on taxjar-calc-service-05,Banking partner automated SFTP transfer failed with host key verification error.,2 - High,Resolved,E-Commerce & Payments,Payment Gateways & Billing,Payment Platform Engineering,taxjar-calc-service-05,Updated banking SFTP server public host key in known_hosts file and re-triggered batch job.,Priya Sharma,2026-08-29 02:05:00,2026-08-29 08:04:00
INC0010576,BitLocker recovery key prompt on reboot after BIOS update for laptop fleet on citrix-vdi-pool-06,Over 40 executive laptops locked at BitLocker PIN screen following security firmware patch.,2 - High,Resolved,End-User Computing,VDI & Desktop Support,Service Desk Tier 2,citrix-vdi-pool-06,Retrieved BitLocker keys via Intune portal script and suspended BitLocker protection for BIOS upgrade.,Robert Sterling,2026-08-28 15:19:00,2026-08-28 16:33:00
INC0010577,High packet drop rate on gateway interface for vpn-gw-apac-07,CRC alignment errors and buffer overruns detected on interface gigabitethernet0/0/1.,2 - High,Resolved,Network,VPN & Remote Access,Network Support Tier 2,vpn-gw-apac-07,Replaced faulty SFP+ 10G optical transceiver module and cleaned LC fiber patch connector.,Lucas Silva,2026-08-29 00:24:00,2026-08-29 04:13:00
INC0010578,Deadlock detected on orders inventory table in redis-cluster-08,High-concurrency updates during promotional campaign resulting in transaction rollbacks.,2 - High,Resolved,Database,Relational & NoSQL,Database Administrators (DBA),redis-cluster-08,Enforced consistent transaction lock ordering in inventory decrement service and created composite index.,Vikram Patel,2026-08-28 20:27:00,2026-08-28 22:17:00
INC0010579,ArgoCD GitOps deployment sync error for microservice namespace on k8s-prod-eu-09,Out-of-sync CRD definition causing continuous Helm reconciliation failures.,3 - Moderate,Resolved,Cloud Platform,Kubernetes & Containers,SRE & Cloud Platform,k8s-prod-eu-09,Updated CustomResourceDefinition schema version in master repository and triggered hard refresh.,Thomas Brown,2026-08-29 01:10:00,2026-08-29 05:35:00
INC0010580,Single Sign-On (SSO) SAML assertion signature verification failure on snow-jira-hub-10,Users in Operations and Finance receiving SAML signature validation errors on login page.,1 - Critical,Resolved,Enterprise Apps,ServiceNow & Integrations,ServiceNow Platform Admins,snow-jira-hub-10,Imported updated Azure AD IdP Federation Metadata XML certificate into Multi-Provider SSO configuration.,Lucas Silva,2026-08-28 18:53:00,2026-08-28 22:58:00
INC0010581,SSL/TLS certificate expired for customer endpoint waf-cloudflare-11,Web clients receiving NET::ERR_CERT_DATE_INVALID security warnings upon checkout.,1 - Critical,Resolved,Security,Certificates & SOC,InfoSec & Security Operations,waf-cloudflare-11,"Re-issued DigiCert wildcard SSL certificate, bound to ALB listener and CloudFront distribution.",Kavita Rao,2026-08-28 08:31:00,2026-08-28 09:55:00
